,comment_id,text,author,upvotes,timestamp,post_id,lens
201,hgh0snf,polit mindennapos dolog zsarolás tesz szavaz nyilv nehéz karácsony elővenn smsben üzenget összefogás illet adokkap belefér gyurcsány komoly médiagépez rogáne rásegít valamenny stratég nyomatn mzp gyerekverő cigánygyűlölő orbánkló miköz klár mosolyog integ próbál mzp ellensúlyozn néhol vagdalkozás tűnő vádaskodás gyengeség legy teríte választás kérdés vasárnap miut nyilvános végeredmény történn tovább bárm eredmény vesztes képes villámgyors továbblépn dknak mzpnek hosszútávú képes felismern jutott,szty1,130,1634126012,q7938q,62
286,hggl23p,ráindul egymás valószínűtl reális mzp nyer megnyer választás dk várható ellenze képviselő többség adja kormányalakítás bejelent dobrev szeretne minisztereln választás közvetlen szavaz minisztereln országos list listavezető törvény minisztereln lenn előválasztás eredmény figyel vétel szint kötelezettség adot menny polit jobbikos mszps képviselő szint számíth dk mzp egykettő maradn hadházy dkfideszháttéralku mond elszámoltatás elmismásolás cser fideszes képviselő véletlen rossz gomb nyom meglesz dobrev többség kormányalakítás választó kiboruln vesz figyel döntés dkék számíthat elfelejt,One-Mouse-2335,1,1634113252,q765lh,71
338,hggdp2v,bárhogy előny dolog szavazn legitimizáció győztes mindegy szavazó tett voks megmozg olyan legyintett bíró tett dolg kimozgatot apát ember tematizál megmutat igenis értelm előválasztás elvég ember érdekel mellesleg rengeteg megmutat sikerül ellenze helyeseb által szervezet kaliberű esemény megcsináln történ hely előválasztás szokot azaz győztes beáll vesztes vállszélesség tett egyértelmű profitáln ellenze sajnos legutóbb előválasztás kapcs bökkenő kálm szerepvállalás karácsony később kampány egészségügy elmar részéről remélhetőleg létrej nagybetűs összefogás,clodonar,48,1634106797,q74v07,68
374,hgf5vqw,igaz igaz mindegy összefogás ellenség harcoln igaz feminist mozgalm teljes hamis féktel igaz központ erős átlagos német kivév jelentős hatalommegtartás módszer fasizmus igaz érdekes német anny máshol munkáspárt mozgalm német nézz igaz mussolin felújítot akar többi erős nacionalista szempont megváltoztatta művészet megvetette igaz igaz hatalomszerzés hatalommegtartás módszer fasizmus összesség furcs holokausz nyilv tragéd fasizmus rengeteg áldozat szedet pusztítás végzet belerakta tetsző vezető összes cselekedet list fasizmus nevez megjegyz érthető szám szeret kifordítv kormány beleláthat vélemény hangul ugyanoly halálkultusz dicsőségmán pártoskodásellenesség amúgy pontozás értelmetl leírna hosszú,Haynau_,20,1634083219,q6yf74,85
480,hgdx7gu,nézz pont dunakesz szólított házaspár jött hazaáruló szavazn ültett gondolat áruló dk mzp szav kiforgatv nyilatkozol dobrev gyűlöletkampány folyt ellen péter gyűlöletkampány átgondol egyáltal mondasz péter átgondolja cáfoln sikerül állít társ nyilvánosság alapszervez péter szervez társ állít szám állít család támad dk péter megmond közül sejt facebo kommentelő állít fidesz mozgósí péter mély helyz gyakorlatilag tény állít jelent remény péter remény ellenze összefogás szavazó magyar jelent fesz együttműködés szav eltérő program ütszvágsz minden támog amúgy szép nemes indul előválasztás verseny szintű demagóg kommentálna,blackandwhitegirl,7,1634064243,q6qabc,83
552,hgd8hxe,dobrev dk vezető rajongótáb propagandá működés autoriter szektás társaság fidesz nyugdíjas kommandó messziről különböztetn fideszes békemenetelőktől nyugat fény kicseréln megkap pest srác szint dk nagyrész előtt mszps prominensekből dobrev nyilv nyern nagyrész támaszkodn kormányzás részletezz menny végezt legutóbb előélet zűrös magyar aprócsala leszármazott nagyhatalmú egykor mszmps politikus petar dobrev biztos kgbs bolgár üzletember rendszerváltás maff mentett hatalm zsidó elkobzot apróvill illet kiköltözn vevő ingatlan egyszerű érdekelt érdekl morális optikailag menny rossz dolog elár emberileg politikus,One-Mouse-2335,3,1634054082,q6mfww,75
559,hgf1hlu,rendkív européer hirdet amenny óvakod vita hely szerepel kedvezőismerős valahonnanner partizánbantől fegyőr megemlített jelöltpárteln egyáltal akar előválasztás vita főleg onlin felület kizárásos alap jakab dobrevfety mzp szen partiz pest tvbe elmegy próbál hüly nézn plusz mézesmázas mármár tökéletes tanárnénis retoriká lerág vakolat szeppuku követ szubjektív vélemény mindez nyer tavasz fogcsikorgatv leszavaz egyéb felmenő kiváló támadás felület lejáratókampány természetes dobrev érdem hibá próbál elmagyarázn átlag fideszszavazó tipp menn,_roofiemonster_,1,1634081175,q6mfww,67
613,hgc7oli,mond balos képes dobrev szavazn miköz párt szétakar vern jólét legmesszebb bármifél szociáldemokrác egyedül szövetséges momentu karácsony esetleg mégh párt progr kampányolt közelebb tipikus szocd dk bárm mégh nyern dobrev képvisel szab parlament hagyn elev harmadikutas gazdaságpolit tudot rendszer kial privatizáció piacpártiság szociális háló fidesz szavazó többség vide szegény valós fejlődés láss jobb élet érdekel szegény hobb balos szavazol alap dobrev egyszerű,lajosmacska,10,1634035078,q6ipa2,62
616,hgcdz37,poszt throwaway account írhat kommen jobboldal dobrev szavaz mzp közelebb személyes értékrend általánosság vide keresztény konzervatív férf hisz számí hisz dobrev helyes választás minisztereln profibb tűni politikus tapasztaltabb nemzetköz kapcsolat hely miniszterelnöktől dobrev mzp jelöl változn nagy parlamentkormány összetétel összefogás megy gyakorlatilag választókörzet megvalós közös list adot teljes függetl miniszterelnökjelöl biztos jelenleg ellenze rész venn kormányzás kérdés adot összetételű parlamen kormány állj személy dobrev alkalmasabb ideológiailag távolabb szavaz ellenze list tavasz tetsz hely gondol,eldoblakNa,2,1634039445,q6ipa2,74
734,hgbxs9i,egyértelmű helyz fideszes oldal mzp igaz gyurcsány gyurcsányshow rész dkmszp oldal mzp szeker beépítet fideszes ellenze összefogás züllesztés hozzávessz magyar polit szektás jelleg látható mind oldal ugyanaz reakció ember tényező magyar polit logikus ellenfel pénzel tűni magyar néplél képtel befogadn függetl jelöl fogalm egyszerű koncepció szint gondol függetl remél kinő politi mozgal körülött tényleges alternatív jelen mostan rendszer momentu bízt hasonló lelkesedés sajnos sikerül áttörés látn mzphez remény szám,64b0r,16,1634026088,q6g4kf,69
765,hgbi171,lábjegyz kapcsolód lényeg ébredt személy kultusz veszélyesség újzéland lakos magyarország ismer jacind arder győzelm totális pálfordulás átéltem jelenség hasonló mzphez igaz párt pontos üzen hallan akar kormányzó párt kiábrándul tömeg csap foly csinált tarthatatl túlfűtöt ingatlanpiac bevándorlás témáker messiás hatal kerül kiderül hazugság országos ingatlanár azót emelkedt jacind nyilatkozat hangz semm akar árzuhanás bevándorlás szint durv megugrot covidhulla holot harmad akarta csökkenteniszó óvatos személy kultusz,BetegSrac,-5,1634013864,q694ov,65
866,hg9kiuh,függ januárfebruár környe kezden jelöltállítás szervezn alakul közvéleménykutatás ellenze körülbel nyern többség kétharm választás szerint erősorren vett alap falusias „szupercsatatér körzet biztos hagyn vecsés eszterg gyöngyös sajószentpéter orosház törökszentmiklós tiszaújváros erősorrendből látsz szórás oevk tetszőleges körzet kiválasztv legfideszesebb legellenzékibb körz százale különbség legellenzékibb körzet hajdúböszörmény fidesz ellenze párt összes ugyananny szavazat kapt sopr fidesz százalékpon több kapot következ országos körül mkkp biztos körzet befolyásoln végeredmény független egyén mkkpra szavazó csináln mkkps jelöl igaz mhmre kivétel bárhol vehet aláírás fidesztől elindulhat,dickblaha,4,1633980851,q5zzq7,80
926,hg8kdz8,blogger ismert névtel facebookoldal becsületsértő bejegyzés blik lefoglal számítógép talál igazságügy szakértő adat összefüggés hozn bűntet bíróság bizonyított látt szerep facebookoldal bejegyzés rendőrség küldöt beadvány foglalkozot nemzet nyomozó irod gyanúsított nyilvánosság elkövetet rágalmazás meglátszot eljárás kecskemét bírónő rendőr vezető tanítvány egyet bíró súlyosbító körülmény vett becsületsértés köztisztelet álló magas rangú rendőr vezető követt diktatu dolog durv mered igaz válasz rendőrség írta szerkesztőség rendszer alkalmas szerző beazonosítsa mkaygondol wikiped szerkeszthet,Illustrious-Sort3575,56,1633965782,q5wyxw,69
1002,hg7yqy3,mondja figyelmesebb szociális érzékenyebb jelenkor komoly politi hatal kerül maszkulinabb férfi gold meir gandh margar thatcher hillary clint régebb visszamenv erzséb teréz katal cárn péld keménykezű külügy polit vitt agresszív természetű merkel külpoliti ambíció felsorolt kemény politikus ciprasz meggyőzt márp elfogad mentőcsomag összes szigorú feltétel írta kínvallatás nézt politikus nőies idézet válaszoló elképzel péld jacin arder újzéland sann minisztereln célz szép politika femin szociáldemokrat vonás humánpoliti fókusz mindkettő meglehet előny dobrev egyértelmű kategór tűni,1PoharJews,27,1633955217,q5txaq,74
1137,hg7c392,háború ország gazdagság föld szorgalmas tisztesség tudot neveln gyer jellemző nyomor szegénység elsődleges város nagyváros problém ország gazdaság motor mezőgazdaság nagybirtok épitv rengeteg vide munkaerő igényel ellentmondásos irsz való föld biztos fasz megél vide nagybirtokrendszer ember birt századforduló törpebirtokos arány harmincas körül nőtt ember tudt tisztesség felneveln gyer maximu halt jött milliós szám zsellér cseléd napszámos kielégitette mezőgazdaság élőmun igény szint nyomorogt úgyhogy bukolikus sánt,TokaSzalonna,43,1633936595,q5pjyd,65
1138,hg7knvl,értelmiségellenes hangul egészből értett leírt válaszoln káros jelenleg való hely érdemelte legalábbis közül biztos értelmiség rész állambács segg nyalv szolgálja rendszer bármely rendszer nerről igenis pozíció érdemel fontos feltétlen államigazgatás népnevelés demokratikus szociális intézmény fenntartás hatalm pozíció legy egyenértékű mindenkor kormányz kiszolgálás hozzátenne kizárólag piac szereplő feltölten kormányzat erős javarész gdpben gondol általános jólét működ neoliberális trickl modell vess pillantás péld amer,kuktadanos,14,1633944358,q5pjyd,62
1182,hg5i3yz,clint trump dobrev analóg hely dinny narancsal hasonlít egyszerű rengeteg változó rendszer próbál hasonló szempont elemezn egyszerű mzp univerzális szimpatikus jelleméről anny hideg futkos kereszténykedésétől semmitmondó jelszav ismételgetésétől tudot épkézláb progr kinyomn részletes leír akar elérn szokot demagóg pózolás mentes golyóálló fideszes lejárató kampány hazudozás szép mindegy célpon ural kommunikációs csatorna rész bevál fogékony réteg fotó mzpről ellenze ellenforradalmár szerepel bűnrészes kőfideszes szem steril jelöl hisz álmodozol elgondolkodtató posz dilemm darab szar harapj,jackingOFFto,10,1633901214,q5gxgq,73
1247,hg440p6,amúgy általánosság magyar szigorú gazdaság nézz sajnos elfelejt rendes kormányozv jobb lehetn szakpoliti intézkedés felfel ível világgazdaság hisz fidesz politiká vallásos sajnos counterfactual ötlet fidesz közmunkaprogr minimális finesz ergy szar kivitelezv ésvagy használja kormányablak mond pacek mindennap ügyintézés könnyebb adóbevallás könnyebb készíten megad negatívum sajnos hosszab tudne értekezn adókedvezmény idecsalogatot mult lerontot forin tipikus amúgy tradeoff érveln összesség rossz tetsz cserélt hozzáadot érte csics,SeceSoce,67,1633880319,q5a2da,64
1422,hg0cqeb,szándékos ragadta mondanivaló kontextus negatív fess mzpről tűni önmag végülis vall idézet olyasm állított lehetn érten valamily biztos biztos folyamatos újságíró kommentár együgyő olvasó vélemény próbál irányítan következő idéz csúny dolog véletlen gondolkodjat rand megnézt forrás szimpl hazugság fideszes vakond képes megnevezn miköz eredet interjú mszp mesterházy edit hozzátenne mzp válogatás interjú telex mégs látt szükség május googl hazud korr függetlenobjektív újság,randall131,117,1633804072,q4qoyk,62
1436,hg055iw,bohár dánieltől idézv biztos osztály gyer szerepel vers iskol ünnepség színjátszókör nagydumás jópof gyer osztálytárs rész idegesít rész röhög csávó kifejezés osztály bohóc srác megcsinált hangulat lefordít fasz lányöltöző helikopterezet osztály szerencsétlen fingot rájött minimális tehetség sincs sebesty balázs legy úgyhogy mzptől kérdez hirdetet sajtótájékoztató késet találó idéz mozgatórugó pályá mozgatórugó igazság túlságos igazságérzet állhat kettős mérc oldal szab semm,macskahanyasomlett,60,1633800743,q4pbc8,60
1493,hfzjr7f,tapasztalat magyar staff nagyszül ellátás kapt ápolókraorvos panasz feküdt kórház szerencsétl sportbales körülmény messz teljesített budapes nagyszül eset kistarcs agglomeráció miut sztor hallokolvas rájönnö micsod orbitális mázl adot kórház adot osztály adot orvos került muszáj vide kórház pesti évtizedes távlat véglet kizsigerel alulfizetet motiválatl dolgozó pest intézmény vett undorító gány állapot egészségügy legkevésb ember bekerül egyéb legnagyobb szükség ellenkezö kontakt betegjog képviselö extre taszszal nagy jobbulás kíván,heyvp8,25,1633791077,q4m8ng,67
1537,hfz20go,esélytel ismer törvény élet erős súlyozás győztes legnagyobb párt egyesül ellenze minden elvesz fidesztől nyer összefogás sincs kiad százale fidesz szavazot leszart muty nézt önző beszűkül szempont romlot helyz elmúl ígérv osztogatás egyértelmű kampányel ígéretből hátrál fidesz ugyhogy számít rekordrészvétel szavazó mondta lófasz ugyanaz arány fidesz szavazot babahitel faszomtud fideszbázis stabil összefogás stabil anny szavazó rátesz ellenze százalékos választó részvétel úrna összefogás szavazot kőkemény igazság szem nézn ilyesm typo,Selfridge111,15,1633781507,q4jhie,69
1564,hfywi1v,aggasztó ellenze normális koordináln megérzés ment zuhanyzas mzp dönt visszalép basz tinilány normális felmérés pont tenn ahelyet mzp googl keresés facebo lajk alapuló bloff padló bizonytalanít tart mzp kevesebb pofáz jobb figyel fasz való biztos megy klar unpopular opin nyilv meglepő rengeteg hasonló karakan tűnő való takonygerincű hatal típusú középvezető nyüzsög magyar multiknal ugyanez határozot minden leszar elsöprő mzp nehéz látn utáln láss kurv kiállt politikus legfontosabb próbatétel hosszú részegül hatal magyarország legnagyobb legitimáció rendelkező megmar valszeg messiásvar magyar keménykezű apuc,ferfiallat,21,1633777624,q4im48,81
1574,hfyrj09,gondol biztos mzp nyer egyszerű örül szavazás elküldhet gyurcsány guar melegebb éghajlat választás eredmény értelmezn feketefehér helyz amúgy hasonló reakció mzp örült kétség fogadta fenntartás hagn mzp kapcs valószínű sajnos dobrev megnyern alapoz tört elmúl hetekbenhónap dkjobb összeborulás tócs bukás ráczn föld bukás farkas péter barnabás bukás visszalépés közvéleménykutató kiszámolt ellenkező biztos nyer reménytel korrup simlis politikus rész kibukot előválasztás tiszt ellenze folymat látja folytatódn mzp győzelm eset keves hisz dobrev elszámoltatn gyurcsány ferenc előtt dolg mzp,OptimismIs4Earthers,50,1633773711,q4hqmq,77
1638,hfwrd30,alusisakos elmél részl részemről szándékos emelt köztudat meleg hisz támad netal tudat erőltet közbesze szóln amin bevál előbbutóbb meghökkentő átlagnép meleg éjjelnap feksz előbbutóbb anny hétköznap jelenség váll vonn kapcsolat dupl csavar valód hisz támadás felül kevesebb netal megpróbálna hatal csala átmenten akadály ütközn érdekes imázs építés katon iskol erős vezető gondol ország főleg kaotikus állapot hagyj megmentő ország addig ellenérzés emberekből netal ország minisztereln,westwars,1,1633731590,q450q7,65
1811,hfu30yj,karácsony karrier oldal váltot meglept egykor szövetséges miniszterlen hivatal tanácsadó ellenze kampányfőn választás kettészakított lmpt választás mszp miniszterelnökjelölt váratl húzás karr töretlen ível vitt legtöbb ellenze oldal viktor kormányzás mostan bukás rész gyors akar szint lépn választotta főpolgármester féligmed kívülálló párt felett előtt világ kritikus mszpvel szoros szövetség mozgó politikus imidzs fontos pozíció kifáradhatot mostan establishmentjelölt számí márkizay péter legjob mutatn elégedetl választó,szeredy,43,1633685448,q3ua60,63
1942,hftvex4,sajnos alkalmas formá deportálás végrehajtás nagyszabású vasútfejlesztés kerüln hazafi oktatn jegy körű oktatás refor konzervatívabb elfogultabb potenciális jobb fizetés születés szám emelendő főleg magyar lakosság valószínűleg támogatna infrastruktú kiépülés kisebbség kerülés késleltesse erősíten egészségügy színvonal demonstrálandó fideszes mszpdks csőcsele induln hazaárulás címszó sikertel szem számítan public support igazságszolgáltatás bedarálás használna megszűntetne vakcin igazolvány használ egyén döntés kötne oltás nemzetköz támogatás szerezn tradeoff egyértelmű republikánus támogatna ország mezőgazdaság önellátás kiépítene öntöző csatorn rendszer rendőrség komolyabb jogkör kapn életpály modell bővítene javuln közbiztonság,GulyasGeriNER69,6,1633678480,q3sg61,81
2189,hfpug4l,bejelent garnitúr választás nyern elszámoltatn beáll mzp tcss odaszúrás jakab délut videó okoskodj andrás mzp kiáll fegyőr kiábrándul fideszes momentumos jakab vegy kurv telefon takti szavazás buzdít jobbikos jakab egyezt klár tovább nyílt jelöl creepy mosolyog rand összehívot sajtótájékoztató bejelent semm dobrev nyom kampány csúny rosszfiú szövetkez ellen nyilatkoz belefér puzsér capsloc teletűzdelv valam geriről ármánykodó féreg centralizmus részes videó baszot gondolkoz szisz körö főzi pacal anikó tovább xanax issz debrő ugyanit tanácsadó állás vállal,Overall-Fold-3920,157,1633607181,q371fn,75
2201,hfr1sdr,mondan vicc egesz valo prof csinalj nyomj minden tennivalo civil szervez emellet valam ujsagir tehet vilaglatot ertelmes ember biztos beszeln errol barat energ megy pegazusrol olvastal utol hallgatt podcast darkn diaries adas azer egyebken kovet srac alakul ruand szint magyarorszag demokrac weaponsgrad progr hasznaln egyszeru ujsagir kepes basz megboldogul nagyap mondan picsafus kismill aljas undorit dologbol muvel tokeletes gumicson lgbt vonal mikoz fidesz meleg,gt_kenny,3,1633627055,q36gdf,64
2240,hfpfxqh,igaz folyamatáb flowchar külföld beszélés megszállott megpróbál kutyapár elmennél szavazn gratulál szavazz nyugodt kutyapárt kutyapár elmen szavazn fidesz szavaz gratulál szavazz kutyapárt keress pszichiáter preferenciasorren valamifél mentális problém utal kutyapár elmen szavazn összefogás szavaz erős fontol összefogás szavazz kutyapár indulás mkkpra leadot szavaz elveszet összefogás adot szavaz esély fidesz leváltás preferenciasorrend favorizál egyén különös szavazz kutyapár jelölt szám elsődleges fontosságú fidesz leváltás egyén kutyapár jelölt leadot szavaz kizárólag töredékszavazat hasznosuln nyern sehol esély mkkp listá amenny elér százale töredékszavaz,Siorac,25,1633594962,q34ax4,79
2280,hfo9kui,mzpre szavazt szimpatikus jobbos jelölt tűnt gesztus jobboldal részemről forduló maradne karacsonynal változot semm szám bármely megszeget kimondatl szabály politikus pozitív értel helyez mindkettő párt kívül függetl jelöl karácsony eset jelentéktel párt jelen alkalmas állás kapcs előjöt stratég partfegyel hiány mindkettő eset márp koalíciós kormányzás működ érten őszinteség integritas vágy eleg stratégiábol helyezkedesbol mindegy marad gerinel legrosszabb autópály biciklisavos úgys vezetn,SnooWalruses9984,15,1633567987,q2xchh,61
2349,hfng82g,egész mzp mond valam dobrev nyerj egyez karácsony karácsony kijelent mzp demokratikusabb meglát mzp visszalép bizonyos dolg megígér karácsony mzp fasz növeksz menn mzp megkap kutatás faszagyer karácsony tetsz maximu villamos kedv csat megegyez karácsony egyet mzp pont karácsony rand mzp tudt összehív sajtótájékoztató mzp kérés eleg tenn mely elszámoltatás villamos mzp fejéből dafuq beszélt stratég mostmár fasz mond esély tesz eleg tesz kezdt mzpnek szabadot mondan biztos visszalép kariger karácsony aljas húzás rand bejelenten dobn alku beszélt,raptor001,212,1633554202,q2t5or,78
2408,hfnoc8s,érzés erhánger ballibsibb mzpnek feltétel telibeszrt csodálkoz ezekut megosztv szavazó közt csinálnát mzp hely kurv kíváncs netalánt visszalépn mzp itten mentális maszturbáció kielégítv kamuzot tőbi potilikus minisztereln választanát egyszer megmásít állítás hárí főpolgármesterség teljesítet érdemleges ellen mzpvel csomó dolg hódmezővásárhely normális átgondolnát lehetőség politikus tett néznét látnát mzp legit opció nyilv jobboldal suhancinser triggerelő offenzív emiat álláspont tennét egyéb voksot dobrev legyőzn belegondoln dobrev karácsony mzp egyetértés verseny érdemes egyáltal elmenn előválasztás sajnál potenciál egyikő gyurcsány jöhet lepontozás,ajouez,13,1633557822,q2s2ys,78
2414,hfnh902,gyalázatos idétl művel elmúl faszméregetés elfogul márkizaykarácsony szimpatizáns biztos látja dobrev értelmes visszafogot vezető nyilatkozat tesz kormányváltás koncentrál haps taktikázv húzz kormányváltás jelöl erősebb fidesz méltó gondol dobrev győzel főleg mzp pics csinál messz leggyengébb jelöl visszalépn tiszt mzp legkevésb megosztó jelöl tény makacs dolg dobrev vert mzpt karácsony biztos valszeg klár visz pálm álln üzenn fidesz kormányváltás szar ellenze összevisszaság,RitzyAshLove,31,1633554645,q2s29v,61
2457,hfnv1aa,biztos ellenze szavazó megnyern bizonytalan mzp legalkalmasabb előválasztás feleslges puszt közvélemyény kutatás deríten fideszess trollkodásbefolyás könnyebb elkerüln dkklá bohóc sajtórájékoztató lehülyeségezt újságíró kérdés gondol fideszes trollszavazórkól húzta nagyképű öntel nőszemély fontolt válasz valós tényező fidesz hagyt voon ziccer gyúrcsánydobrev kihívó akar tudja bizonytal fideszes nyern bizonytal fideszes valasztás mzpt bevállaln akar kormányváltás ellenze szavazó vélemeny kíváncs kimaxolt tudot bizonytal szavazó dksra mszps jelölt szavazn bizonyított megélhetés politikus mzp polit valam bölcsész jogász gyakorlatias tudás bizonytalan jórész értelmiségi celeb kell kariger dkklá mzpnek bizonyítanileszerepeln nézhet fidesz bejutot kétfarkú,Enzaksz,7,1633560937,q2rish,87
2539,hflrz52,facebo algoritmus megzavarn organikus azaz népszerű megosztás hozzaszólás fizetsz bőven legjobb kombinál összes országos fideszes politikus facebo manag megkapj központ tartal valam közszereplő szól bejegyzés követő tűni érdekes bejegyzés előrébb mindegy szól interakció minőség szól követő mennyiség számí hirdetés pénz kinézn releváns tartal ismerős ismerős hozzászól oldal követő oldalpolitikus cicás releváns tűnni belenyuln bizonyos követő rendelkező oldal hozzaszólás súly figyel átlag ember,MediumNeck9345,8,1633528838,q2kjmo,62
2542,hflmeot,választás ellenze párt koalíció minimális különbség megnyer választás fidesz csalás kiál tiltakozó akció indí minisztereln péter hívja népszerű mérsékel szavazó megszólítan képes jelöl hátrány párt kellő beágyazot gazdaság döntés minisztereln szembeker koalíciós partner parlamen bizalmatlanság szavazás kezdemnéyez péter minisztereln leváltja utód gyurcsánycsala budapest zavargás rendőrség erősz reagál csereminisztereln támogatottság mélypont sülly mégs rájössz blac mirror rész főszereplő tudat betáplálja számítógép állandó ugyanan szörnyű idősz szimuláció átéln,One-Mouse-2335,80,1633526156,q2k186,66
2583,hflhpu4,kedves péter szavazó egyértelmű kimondta karácsony gergely dobrev klár szíveseb látna miniszterelnökjelölt pozíció egyetért kérdés alkalmasabb jelölt gondol szempont karácsony gergely vélemény méltatl helyzet hozz sugall visszalépn egyértelmű esélyesebb jelöl visszalépn maximu közös érdek nézz ellenze polit vezéral lejáratás elérn amenny folytat jelleg kommunikáció karácsony helyez terh kérdés veszíten tudn lépj vállal nyíl verseny jelöl megalapozatl önbizalm közös esély ront,Tomieez,13,1633523634,q2j9mf,60
2619,hflsxfe,tudj mkkp list szavazn mkkpnak álíltan egyén jelölt lista spekuláció sikerül esély hacs kovács gergelye komoly vette pártépítés lista közet jelölt beszéln lista körzet jelölt teljes fölösleges szavazn jelöl úgys töredékszavaz megy sehov lista akar mutatn menny protes szavazó lista tészt akarsz list fidesz ellenze összefogás mihaza szavazn nyugodt szavazhatsz lista egyén döntés összellenze jelölt támogat fidesz teljes mindegy fidesz ellenze győz fontos töredékszavaz hozzáadódj mkkp list javítsat töredékszavazat list list parlament juts szükséges list töredékszavazat bejut parlament,kmate1357,7,1633529270,q2j0c7,78
2685,hfl387l,mzpre szavazt előrevisszalépegetősd kezd elvenn kedv mzp kompromisszumkészség sugall szükséges kvalitás fideszes kékfideszes mint politizáln akaró leendő államférf beleálln tárgyalás igaz visszalép akarsz hasonlí feltesz facebo suzu kiír alkuképes sugallv igaz megvál taktikázás nagy felelős tartó kabar miköz mérsékel szavazó megfagy ahogy dobrev kékfidesz kampányolás tölt biztos forduló keveseb elmenn főleg lagymatag mzpkg kampány korább eredmény látt kékfideszes troll eddig prezentálv venn tökölés gyors érdekel mzp dobrev behúzz forduló lobogtatn kutatás,MiKingKing,10,1633513306,q2g8eh,71
2706,hfkvl7p,minden visz szavazn ellenze érzületű elégedetl ember otth morogn szavazat hiányoz érvényes leadot szavazólap hiányozn nélkül történn fidesz szavazó valah másh leadn voks akar viktor mutogatn hozz ember fegyelmezet fidesz szavazó komoly vette elment szavazt szükség választés csalás igaz telefonvonal mehetn regisztrációs kurv látsz másrész ember propagand megfélemlítés durv eszköz irányítan komoly energ igényeln mozgás bírn minden szavazt fidesz bocs dolg azonosuln szavazt lmpre szavazt kétfarkú elment leadt konklúzió vigyet magat ember menj szavazn,Darahian,14,1633505980,q2exdl,74
2729,hfkviro,karácsony ingerült távozot hétfő hódmezővásárhelyről fontos teny szabály ellenérdekel jelöl delegált lenn szavazás főleg falv összefogó körzet jellemző dk jobb tudot külden ember sátr amenny jobbikos önkéntes jelöl kisebb szám venn rész lebonyolítás körzet kevesebb sátor forduló jobbikos delegal fordul masod fordul megy pultozn szives jelolt nyer ingy eroforras kiderul jelolt nyer erdekes kariger visszavonuln dk delegalt tobbi hatradol mmmnek osszes aktivista esely falv legy satr,flyingorange,5,1633505915,q2da3x,66
2880,hfgsqd6,megnézt videó gyors lehozz életről tömény információ felbasz sajnos kétfél ismerősö elmegy szavazn ellenze bárm úgyhogy felbaszn elküldö minimu nagyvonal elképzelés videó elhangzott szar egész érdekl egyéb ütős könny felfogható form gyűjtve valószínűleg megnéz videó felker rámegy épelméjűség részlet újdonság magánnyugdíjpénztár fiatal érints részlet anny tudt belgrád vasút megtérülés szerb felelős lecs korrupció tudt kibaszot drág logikátl útvonal magyar tömegközlekedés szempont,PJohn3,15,1633432776,q1rlvl,61
2881,hfgck01,milliár forint kapt fidesz köthető alapítvány politi tevékenység támogatás jutot milliár kormány gazdaságvédelm alap milliár forint költöt milliár forin gazdaságvédelm támogatás kapt milliár forint állam vállalat nyelt népszav milliár forint költöt bélyeggyűjtemény gazdaságvédelm kiadás terh költségvetés általános indoklás pénz való magyar post feltőkésítés tiltot állam támogatás magyar post átadt bélyegmúzeu magyar érte állapította milliár forint szokásos modus operand állam vízfej politikus tömv milliárd adóforint átlagos állampolgár élet választás kioszt alamizsn befizetet pénzből szavazat vásároln látnivaló formázás,Tao_Dragon,42,1633418014,q1pk2m,76
2941,hfeqqad,vélemény mutatja menny lezüllöt előválasztás fikázhat mzp kariger művel teljes szem megy ellenze összefogás szellemél amúgyis apolitikus enyhény reménykedő mezőny végleg kiábrándíts jövő szavazás elev eldöntötte megtesz jelöl engedte indulj alap jelöltes forduló írta előválasztás dönt legszalonképesebb jelöl kitaktikázza előválasztás tart előválasztás összellenzés értekezlet boxolja hacacár gondol előválasztás totális színjáte akar dobrev klár jövő tavasz elmegy millió szoc nyubber szavazn megy leszavaz csókoltat,GardenSprings,-1,1633385226,q189lo,63
3081,hfbu91r,normális működő ország elmenn gondolatmen helyz speciel elképedv olvas komment tiszt magyar politi helyz külföl enny fájn dobrev megérn esetleg fidesz alkalmatl korrup közelebb kerüln ország euhoz megszűnn gyűlöletpolit affél haladna szab legalábbis mérte legalapvetőbb probléma demokrác pillér sajnos szól dolog menny nyer múlt ellenze meggyengítés gondol legközelebb szavazn fidesz propagandál tömeg szavazn lépj euból szürreális megjósoln történn fidesz szavazn hónap ezelőt vert mell homofób törvény dobrev anny rossz szenved meleg ország valószínűleg megérten,mzmz_,10,1633335204,q0zrtt,74
3088,hfbzqg6,krit fidesz akarsz dékás szav elég mult céges greenwashing fogyasztó fogja klímaváltozás mzp összefogás fontosság párt párttag tegy telhető gyurcsány szereplés gondolt menny adot szavazás kedv egyszer háttér tolta amenny mostanság valahogy sikerül összellenze összefogás tény szól szám amily felkavarja állóviz felkavar hosszútáv kedvező amúgy beszédes list állítás elnyer pozíció mennyiség vesz figyel dkjobbikmomentu szavazat mennyiség dkmomentumjobb sorren kispárt pálinkás körzet civil fogn egyáltal feled előválasztás beleszólás tavasz elfogad nyilv pakl panaszkodás érdemes figyeln,Valaki997,1,1633340455,q0zrtt,74
3145,hf9d41q,említet internetszolgáltató piac jelentős rész kihasíts magánakpár reppen miut furcs lejárató cikkszerűség jelen kormányközel tartó kivéreztetés mobilszolgáltató engedély adás megkomponál befejezés tűni antenn hungár felmerül formáció sejtet hatal fontos ügyről elismétl évtiz lenn magyarország képzeljét pontos jelenten viktor haver adna kezdő kemény dolg perc kételked megfigyelés engedélyezés mostan bürokratikus paper trail hagyó mechaniká kivált szimpl telef megfelelő ember dolg https esetleg,analogdreaming,30,1633288209,q0lfha,61
3283,hf58ck0,hinne esély politikus elrug labd esély rehabilitáln siker megtesz dk fidesz kisebb anny elvakul szekt kormány mond dk hitt előválasztás elküld szavaz szétoszl kics dobrev forduló nyer ismerős stratég ezres részvétel könny pletyka játe kerülhet egyértelmű dk malm hajtana hisz véletl következtetés anny karácsony márkizay beleszarn kész leves tudatos mégs dobrev kormány dk jobb dk álln megtehet jakab jobb harangozt,_adam_p,18,1633209553,q00x0t,60
3324,hf4h0ek,imád rósz őrdőgi szoc találta nyug rósz degenerál propagand rész kokainkól redundáns mámor fetreng ember szintű dezinformáció foly ember hisz marihuán rósz drógos tűvel nyomja száraz level miköz ezer mindenhol zugivás bögrecsárdázás koffeintablettázás oroszország mindenfél vegyszer ember amiktől leroh csont működő rósz venn beteg haldokló ember kezéből tablett gyógyszer thct rakn miköz ember rész facebo kuruzsló vesz mindenfél gyógyfüv ahelyet elmenn orvos,Prestigious_End_6455,25,1633197672,pztggf,62
3500,hf0x68t,karácsony gergely perc érdeml mindaz mzpvel kiharcol fickó örüln gyurcsány gyurcsány vélemény intézkedés közvéleménykutatás alakítja nézzét dugódíjas eset felvetett konkr koncepció vázol felvetett foglalkozn nerszennylap kiokádt vitatható valóságtartal autós menny akar dugódíj láss csod lenyilatkozt budapesti valószínűleg kész dugódíj bevezetés onnan csen biciklisáv nehogy higgy biciklis jólét körú tehermentesítés bátorság kiálln megmondan korlátozza körú forgalm kihúzatot rakás sárg való elkezdt háborogn egyszerű feldobta bicikliut járd mondv gyalogos elbír enny kiálln apróság merészelj pillanat ország minisztereln mzp szavazat semm veszn,bpo106,1,1633125178,pz7qwv,79
3660,heyax9q,emlékszel bajn juhász péter gábor patás ördög libás gyilkos terry blac szerető jelző kötő gyurcsány szemkilövető karácsony alkalmatl nyílvánvaló gala balfe ember mehet szem fidesz fidesz teljes mindegy ellenfél karaktergyilkosság bármely elintéz könnyebbség gyurcsány feleség ellenfél kitaláln felmelegíten veszélyes fidesz hatalm mocs megkap momentumos segg tojáshély jött szdsz nekiment mindegy akar mondan örül gyurcsánye rész látn szem fidesz mocs törölköző mocs mocs hatás elvesztet poltiki népszerűségtől tökmindegy váltan mocsk való választan valód érték propgram szimpát fidesz számí gyurcsány bebizonyított váltan erény,harzol,2,1633075947,pz1r9i,81
3816,hey0cny,lenyeg kormanyvaltas akar osszefogas szavaz mindegy szer szer komoly vesz blod faszsag inkabb barm fidesz akar epiten inkabb iranyits progr nelkul folyamatos kritizaln mutat antal unoka gyurcsany feleseg dk egyedul osszefogas elkezdt megfurn kamu honlap kariger jaratt szarkever gyurcsany furn tudot epiten efeejtettekn fogt menny kartekony gyurcsany korsz fidesz tobb lopot emellet megis egyertelmu intenzivebb gyurcsany kartekony hatas minden ajanl megnezn makroszam trend kuls egyensuly merleg allamhaztartas mutat elsosor,Ceeetrom,3,1633066990,pyoq8h,69
3915,hewii20,kilép euból kitesz szorosabb kapcsolat oroszország függetl sajtó anny valószínűleg megkezdő ellenze politikus újságíró médiaszereplő eliminálás szint orosz mint egyet semmiresejó beruházás megtört élet eladósít valószínűleg megép paks szomszédos ország valószínűleg mindenhol megújuló gazdaságosabb környezetbarátabb megoldás itth elkész közvagy elveszít középnzjelleg valószínűleg fideszes kiskirály igazgatn semm vadászkiállítás hasonló csodálatos pénzkidobás projekt haver juss pénz stad választás csalás rendszeresítés legitimizálás szint orosz mint balat part szab stran beruházás tűntet kihagyt valam,PhiloZoli,1,1633038837,pyhhjq,70
4081,hetetfu,érintet járműv darabszám levonv tulajdonos részesül kártérítés durv millió darab lehet ez kalkulálv durv milliár euró között összeg adód nagy enny kerülhetn dízelbotrány érintet összes fogyasztó kártalanítás európ unióban érdekesség elmondható vállaltcsopor milliár eurós adózot eredmény feltételezet kártérítés alsó hang elvin autógyártó profit botrány kirobbanás nagy követhetetl tulajdonos viszony idősz őrül pénz toln fejlesztés konkurenc betett európ piac legjobb időzítés brüsz részéről,bernics,13,1632978605,pycx4d,60
4126,herlef3,ugyebár legfőbb kérdés végjáte rejl dobrev túlságos szól kormány milliárdos lejárató kampány gyurcsány könnyű ember riogatn dknak támogató veszélyes gondol megnyer kormányváltás jakab péter márcs párt kifogó zsidó cigány vélhető meleg szavazó teljes elidegenít ergó fidesz szavazn szavazn tegy átlagos kirobbanás agresszív nyilvání ugyanúgy szörny könnyű nyúj kormány lejárató kampány speciel megírt mzp karácsony esélyes karácsony gergely legfő polgármesterség tudja támadn véden támogatás megtagadás mzp civil szervez jelölt alap nehéz megtámadn főleg sikeres polgármester múlt legalábbis cent főbb jelölt kapcsolat énis kiváncs gondol,foki999,1,1632946843,py1wpz,83
4149,het6kbp,tiszt kerülj pohár ilyesm legtöbb piros hideg meleg kritikus mennyiségű ember mozgósítan gyors erőforrás tudja szimpatizáns mely suttyó paraszt bináris skál mond toln feletti kopogtat alatti időkidobás nyilatkozn fityeszes albérlő lakhatásos lehetőség tesó ajtó küld alsz értelm sincs hideg tarts egyszer bekopogtató sráccsaj felkészülv aláírás összegyűl kérdés tudj értelmes válaszoln amúgy gyűjtés egységes kitalálv elektroni eszköz látható közel bejelölhett hideg lehető legrosszabb csönget feltartott,tg44,3,1632973508,py0sy3,64
4378,hepb4fh,javasl jakab péter pénzbüntetés ítél parlament performansz feró tóth ákos inser tetszöleges nerceleb elmond akar megmondan érdemes szavazn závecz research fölényes ellenze gyözel századvég arányú kormánypárt gyözel klasszikus krumpl wcpapír chipsosztogatás bekövetkezés esély erös korrelál fair beletenn bingó közép beikszelv mszps képviselökröl röppen pletyka fidesz dolgoz dúró homofób ésvagy antiszemit kiállás kampányhajr viktor választás minisztereln válasz méltat meghívás meeeagyurcsótányjobbvó gyurcsány fiatalos dolog hüly választókerület boml ellenze összefogás,heyvp8,4,1632907125,pxq9yt,67
4443,hemubob,egyszerű ember egyszerű gyurcsány borzal sajnos kiradírozhatatl dobrev képből dobrev besze stílus szól ember fogyatékos gyerek tartan mesedélut mesterkélt emiat őszintétlen ráadás rengetegszer válaszadás elkez félrebeszéln konkr hülyeség megígér kivitelezn megmondan mzp kimagasl borzasztó tetsz megmond hülyeség plusz indokolatlan irritál nyugdíjas hadsereg laikus eset nyerj tavasz ellenze szavaz szer lényeg krvá elfelejtett nyer erős esélyes fidesz gyurcsány ugyanúgy utálja ember klár,potafbam,181,1632858157,pxdprx,61
4444,hen6ugb,játsz következő gondol ciklus ellenz fidesz tobb jobboldal fidesz csuny bukot jobboldal szettoredezet bukas vonul kozelettol igeret ellen elszamoltatv valasztasoknal jobboldal erdem esely mutatkoz kormanyvaltas irany inditan orszag feltet szand valasztas visszaterj hatal megiger egyebken visszatekintv hatalomgyakorlas rossz mostan osszevetv ellenz sakkmat helyzet tekintellyebefolyas megkopot nelkul biztos kormanyvaltas elern ellenz szeret problemas aktiv kozelettol visszalepn eves srac reddit feltesz kerdes tulajdonkepp mier akarj anny vegy resz ellenz politizalas valaszolnal,asztalosptr,84,1632863651,pxdprx,69
4463,henct1s,fidesz viktor szerepér gyurcsány tölt ugyanot ország fidesz hosszab dkval problém párt belül hatalm centru gyurcsány szavazóbázis rész személy kötőd párt meghatározz párt belül demokrác működés hiány erős vezető épülő autokrat vezetés stílus ment mely kérdés döntő végülis gyurcsány mond hihetetlen demagóg populist ugyanúgy közvéleménykutatás narancssárg alakulat dk legendás összetartó mozgósítható szavazóbázis igaz érvény juttatás véget alacsony színvonalú hazugság épülő propagandakampány folytatn politi ellenfel ellenze kényes összezár közösség kifel fikarcny ellenhang szivárogh katonás fegyel,orbanygyiktor,2,1632866248,pxdprx,74
4470,hep401q,dknak létez gyurcsany huzn politikabol leggyengébb láncsz elvesztett játe jelenlét hátráltat ellenze összefogás ember fidesz szavazz gyurcsanykaracsony kampány baromság szólítan csinálna dk megszűnn dk szavazó találn ellenze párt ahov leadna voks darab szavazn közül fidesz ellenze összefogás veszten semm ellen fidesz kampány dere törn gyur csinál önző semmirevaló null kizárólag hatalm érdekel leválts fidesz dobrev klár családfá politikailag könny támadható bolgár kommunist cser asztal tesz semm,akosh_,1,1632900619,pxdprx,66
4505,hem1h7j,szvsz szelektív ellenze kriti oldal vizsgál kérdés megfordítana látna fidesz gyakorlatilag jobboldal összefogás kovácsolódot szárny egyértelmű tekintélyelvű autokrat irány jelöl párt ország kétélű fegyver hisz hihetetl hatékonyság mozgósítan anny személy kötőd összetartás kivonna egyenletből elkezden mocorogn rengeteg érdekcsopor fidesz próbál érvényesíten politi vágy teljhatal elvesztés márp komoly mozgás megindítan király jelenthet hisz által felépítet rendszer tartóoszlop pénz lehetőség jutn rész állítás ország szimpatikusabb autokrác demokrác sajnos vitatkozn határ ellenzékfidesz éles meghúzn kérdés,orbanygyiktor,3,1632846309,px99dy,72
4567,hel4xyz,egyetért fajt demokrác elképzel sohas valós funkcionális demokrác győzni akar igaz értelmezhetetl rendszer kollaboráció kompromisszum csoport érdekképciselet mindél nyer kevésb demokratikus demokrác jönn többség szolgáló rendszer többség szolgáln tovább részegység beszélv magyarország komrányoz fidesz alkotmányozó töbség választás jogosul állampolgár leszavazot állampolgár kevesebb akart ország irányít ellenszél keveseb szavazt ellen ideális működő demokrác hang szín nézőpont szeretn ember kisebb ellenállás hatalm rendszer kiépítés zavarn ellenze többség nyern szükséges szar eltakarítás fidesz összehordot alkotmányozó többség fogalm alapvető demokratikus,Gn0siSAuthority,7,1632831663,px477m,76
4626,hekv3j9,percből kider sajnos fiatal érthet mifél terror zajlot város igaz jobb hazud fiatal békés tüntető elvert rendőrség rend jelenet filmből mérg vehett békés tüntető térköv dobáln rendőrsorfal békés tüntető izzít működő minden áthajt randalíroz biztos rendőratt reakció békés tüntető fosztja túrórud autómata békés bevonul miut elzavarta túlerő rendőr beolvassa demokratikus pont mtvben amitől igazszívű magyar elmorzsol könnycsepp túrórud autómat békés távozás érkező ávós ügynök fotózza,LatkaXtreme,3,1632825022,px1xmm,65
4680,hejfdbt,akarta irány vinn ország megmozdulás hatal megszerzés megtartás irányul köntös csomagolv érzel hatot értel értelmiség réteg meglet szólítv imponáló dolg nyugdíjszáml nyilvános szerződés cigányság társadalm beilleszkedés egyszerűbb bürokrác véletl komcs libs konzervatív ateist mélykeresztény elhitt kibaszot porszívó ügyn átbassz pala szerencse jutot millió ember kurv anyát vonal korlátl hatal retorzió hiány kiváló érze mérleg tolta propagand törvény mester tematizálás társadal rész megett kócot kevésb hüly érzékelt isten vesz,PaLaLFC,136,1632790915,pwtrs3,68
4683,hejbl7i,leszavazt beindul kurv anyát vonal ilyesm legnépszerűbb találgatás leváltás vereség okozt berúgta kampány motor fidesz mért hely készült hosszú fidesz kormányzás visszanézv számos látsz elkövetet fidesz esély hagyn párt rendezte belharc kiszóló kampány sikerül rosszabb súlytal elmérte rendes főleg szokásos osztogatás ígérgetés kiáll méretes zakó kapot gyurcsány gyurcsány folyamatos szám cáfolt demagógia szám ördög tömjénfüsttől egyéb ugyanaz demagóg populist gyurcsány ugyanaz szavahihetőség megnézz fidesz változot vasököl párt sulykoló emocionális kampány tény alapú hajlandó belemenn,_adam_p,46,1632789178,pwtrs3,74
4795,hegt9l0,nyilv ellenze párt tudn független kormányozn odaültetet ember bármenny állította miniszterelnökjelölt való minden politi megegyezés eredmény kormányalakítás kormány intézkedés független féltene mzpt reform beszél megvalósítás kényelmes gyurcsány pártvezető mzp kötődn gondol egészségügy oktatás refor mzp minisztereln magyarázkodn többkulcsos adózás hisz mzp tart aktuális bevezetés egyből pénzszórás mzp jelentett valószínűleg képes populist kormányozn számí magyarország elvinn balh népszerűtl döntés szvsz meglesz gyümölcs ciklus népszerűtl,Zabalint,10,1632747687,pwg2jx,63
4818,hehwz2u,gondol gondol miszerin bíróság ítél ellen követet semm hírverés okozt sokad találkoz magyarország többség balh sajtó felkarol foglalkoz anél illetékes hatóság foglalkozot mondja zaklató talál ember sajtó megvádol illető sany bizonyít igaz onnan zörög harasz kimost pénz kapcsolat pozíció lehetőség elbukt igaz sajtóper null értelm károkozás legfeljebb kapsz csomó pénz vígaszdíj véletlen örülne társadal bűnöző tisztességes eljárás részesüln ítélet gyanúsítot borzasztó nőket férfi hurcol való csinál valam adat gyűjten feljelenten aktuális szórakozn egyéb egyéb zavar jobb lebuktatsz jelenségről,RichardThuroczy,7,1632765610,pwfnzl,78
4837,heglqm5,amúgy igaz szokt felejten időtáv körülmény egyház iskola megy pénz egyetemekből vesz támogatás egyház spor tudomány kutatás nyugdíj kedvenc szemléltető emléksz irreleváns legnagyobb gazdaság fosvihar elvett egyáltal vett bajn kormányzás vity visszavezet átlag nyugdíjas fideszes szavazó elvett hónapny plusz nyugdí vity elvett rossz visszaad csomó dolg csinál fidesz csomó dolg csinál kormány csomó rossz dolg csinál mszp csomó rossz dolg fidesz rubl felsoroln dolg sztem képes kritikus gondolkodás,tg44,87,1632743311,pwf36u,68
4908,hefwuad,minden mezőny amily másodlagos szempon elsődleges elhiszel politikus tökmindegy menny értesz politikus szav elhinn márkizay hiteles prof stáb megalkotot szerep játsz emiat erős kommunikációs baklövés hüly választó ígér csillag égről földhözrag dolg önkormányzat választás hódmezővásárhelyi cser rész teljesített miniszterelnökjelölt ellenfel dolg ígérn tartan odakerül beismern szám tűni favorit előválasztás legfontosabb stabil fideszes város tudot komoly vereség mérn fidesz azaz papír lehetséges körút nyern,szofter,120,1632721734,pwakzu,63
4990,hedeh15,miklós magyarázzát momentu támogatottság folyamatos eset legfrissebb szám kutatón szavazókorú népesség zárójel december állap závecz republ publicus kutató függő százalékpontos csökkenés kutató alacsonyabb jelenleg támogatottságot december statiszti hibahatár fogn tűntek momentumszavazó tudot momentu pozíció fogn sikeres epválasztás nézet dk legerősebb ellenze leszt dk eset megmar támogatottság momentu elillan legújabb becslés legjobb dk jobb hely futhatt előválasztás mszpp beelőz párt elemzés felelősségrevonás párt momentu szerepel előválasztás tervezt változtatn politiká visszaszerezzét korább támogatottságot végezet bónusz kérdés mszp dk jelölt legtöbb hely előválasztás fogját rávenn momentumos aktivista kampányol rendes választás,RenesansJG,9,1632678517,pvx23n,87
4991,hed5haq,külföl onlin előválasztás erőfeszítéset kérdés előválasztás félmillió résztvenn ellenze legnagyobb hivatalos választás kívül mozgósítás előválasztás forduló megtörtén remélhetőleg hasonló részvétel tervez fenntartan érdeklődés fuss április tart szavazó folyamatos hajr tartan előjöt budapest vasút fejlesztés vasútvonal felszín állomás forint kerüln összeg budapes költségvetés vethető összehasonlítás bécs ennyiből kijöt moder főpályaudvar intermodális kapcsolat környező városnegy fejlesztés egyértelmű magyar projekt milliárd zseb landoln magyarország történet eddig legdurvább lopás ellenze oldal hallan szám kétségbeejtő tervezt kapcsolat valam,MiKingKing,25,1632674919,pvx23n,73
4997,hedt1c9,vélemény orosz számtal momentumos elfogadt mszp karácsony gergő támogatás csordás anet nyolcadikkilenced kerület jelöltet támadt jámbor andrás mellesleg mszptől függetl mozgal jelölt párbesze frakció morális támogat momentu elindított hadházy zugló hadházy szavazn kampányolás ismerősö rávett szövetség politikát gyengített egyegy jelölt kijátszott tóth kárty adot jelölt zugló mszp működés főleg tóth csab reszp jelölt indítottat átengedet csomó hely dkjobb erős bázis voks aprózodt,halfbloodGS,7,1632684303,pvx23n,62
5030,hecrdko,szám hihetetl menny kuss elmúl évtiz legpofátlanabb lopás szokásos túlárazás milliárd instant lőrinc amiből máshol kmhs vasút pály amúgy pénz budapes költségvetés nagyságren akkor kormány bukás vezető metró közelít megdöbben ellenze prominenseitől mukkanás hallan ország kibaszot pöcegödör hagy ukrajn oroszországszintű fosdagony ország nyelv szakm tanuln elhúzn pics mielőt összedől szarrálopot patyomkinország érzésű ember hagy szint bohóc csinál mindennap gályázás ajánde megbecsül ember dolgoz tisztességes hozzájár közös magyarország hely támogat tudatos megérdeml ráhel spanyol purdé riszál gyém kirakot segg pofá mentő tűzoltó szavazt,MiKingKing,81,1632668925,pvuy7m,82
5121,hebm64x,dobrev dobrev dobrev dobrev dobrev dobrev dobrev dobrev dobrev dobrev dobrev dobrev dobrev dobrev dobrev dobrev dobrev dobrev dobrev dobrev dobrev dobrev dobrev dobrev dobrev dobrev dobrev dobrev dobrev dobrev dobrev dobrev dobrev dobrev dobrev dobrev dobrev dobrev dobrev dobrev dobrev dobrev dobrev dobrev dobrev dobrev dobrev dobrev dobrev dobrev dobrev dobrev dobrev dobrev dobrev dobrev dobrev dobrev dobrev dobrev,hunumum,182,1632642710,pvoxz1,60
5139,hebuw12,engedjet hozz lakaspiac valsag ureslakasadoingatlanberbeadas adoterh felemelked adot szazal progr vann mond valamifel ingatlanad kastelyadokerdes hatarozz kastely eredmeny berbead resz emel berlet dijatmer atharit adoteher novekedeset megprobal szabaduln ingatlanatolam tulkinal ingatlanpiac areses vezetazok hitelbol vett masod ingatlantn tudj megnovekedet adoteher fizetn torlesztotezer vegrehajtas ezreinindul megtovabb novelv tulkinalat meglev hitelesektol bank fedezet szolgal ingatl areses kiegeszit fedezet kernekam biztositanakfelmondj hitel amugy progr hemzseg felelotl tarthatatl igeretektolpl rozsdaovezet lakas nelkulh barmenny erten penzugypolitikahoztudnakhogy lehetaz alacsonyabb ingatlanertekesitesreteh szabalyozas,HighIQdrepublican,3,1632650059,pvj8y6,75
5202,heb80g7,rohat gyúcsány adot embör gyúcsány elakar vánn nyóc ezelőt bálálöv libsifijatal számiba onoka mongy itten hogyh állánze nyer begyün zsigyó migráncs dzsendírbuz háború csin magyár enbör szegíny mágismétlődn triany evinne brüsszálba nincs hadsereg fijatal szar szeröt nyomkodn dzendőrizés eborultságaikkalha nekö kisseb onoka tikt tiktakkol hiradó veszílyes dzsenderiz olyan fijú lány kisgyer levágta pöcsí állitan sorkatonaság picshájáthogy jódóg micsinán száráncsí doktor pógármestör aranyos megví benn szivárványzsíd okos gyer,text_text_text,4,1632632807,pv6j9k,67
5282,he734ti,bubore ülsz bántás tolja mzpt fújolja dobrev ugyanez tesz fbon komment keménymag meglepetés politi szereplő képződ valamek szurkolótábor állandó hallatja hang onlin domináns tűnnek mindegy dobrev pártoló idősebb ember reddit fbon komment legalábbis rész karácsonyfan jakabfan kevésb egyöntetű mzpdominanc látt telexkomment szurkolótábor orbán volu egyből enyh übermenschkomplexus miszerin vezetv átlátja tudja párszor kisebbség eldönt igaz többség érdemtel dönts ilyenekből látsz keleteuróp óvodás szint játsz demokráciásd írható teljes politikus számlá választó működ,north_bright,25,1632556212,pv1gv9,71
5287,he7iqku,dobrev megy hiszt olvast értéknyilatkozat enny hozzászokt minisztereln egykezűleg irányít ország gondol dobrev minisztereln gyakorlatilag gyurcsány akar választás lényeg mostan félautoriter rendszer lebontás értelmes választás rendszer kialakítás null értékközösséggű rendelkező koalíció szavazn odatesz iksz jelöl luxifeleség reformnác pipogy lábtörlő akár szeret öklendezt betett iksz előáválasztás valószínüleg öklendezn tesz iksz mkkpra garantál mond otth szavaz fidesz dobrev klár inser nyer tetsz kerekperec troll idiót,GardenSprings,9,1632568601,pv1gv9,63
5330,he5nacw,meglátás dobrev beszél tiszt elegáns vitt jelent szavazne vitt karácsony szokásos stratégiább ügyes változtatot zugló issu mzpben gondolkodt anny integráns pont ismétel mond gyer család anny szer mond példá ismételget fecskeház megoldás működn országos fejt közgazdaságór gyanús jakab test megerősített akárm összefogás érdekes dobrev karácsony említett többi kezdene elfelejten tartott fair közgazdászprofesszor olyan szegény ember kompatibilis fgyor végülis veszítenivaló megfelelő sorren,wombatstuffs,-26,1632527489,pusigl,61
5376,he3nitg,keveseb szenzációs kezdődöt ráhel tiborcz istv spanyolország marbell költözöt legidősebb gyer tanév kezdt ráhel instagrambejegyzés tudatt követő elhagyja magyarország távozás választás tűni szem affél elmenekülés színesít guard hónap május közöl alább unit nations crim marbell becam magn gangsters cikkből kider marbell szervezet bűnözés nemzetköz központ legtöbb bűnügy csopor terrorizmus szervezet bűnözés küzdel spanyol hírszerző központ marbell ország mintegy bűnöző csoport tevékenyked megnyugtató ráhel istv hazaérkezet kivancs spanyol csinaln magyarorszag zsolt gruevsz,mainst,39,1632496985,pulybs,71
5401,he2zbxa,báncsa szegény polg elolvas belváros függetl kéthetilap heroikus küzdel folyt kariger momentu figyel kerületi szav miszerin életveszélyes játszóter használ higéni terme találn felszólal taní fegyelmez főváros közgyűlés igazgat öccs kerül kulturális intéz egyezt szép szájú rubovszky csill visz idős arany ember újság vágt fénykép legutóbb szám sajnálja hektárocs mocskos hazaáruló libernyák forgal megpróbál megreformáln utca mindnyáj ingyenes parkolás miatt megnövekedet járműsza mocskos szocialista műve,anthrazithe,7,1632485812,puifen,64
5440,he2tfpu,nácizmus legfontosabb ideológi elem forrás wikiped homoszexuális beállítottságú ember iránt erőteljes ellenszenv homoszexualitás korlátozás tiltás büntetés homofób vallásszabadság korlátozás vezető feltétl führerprinzip demokrác korlátozás következmény együttműködő politi párt szakszervezet sajtótermék megszüntetés rasszizmus ember rassz között különbség hangsúlyozás eugen szociáldarwinizmus megfogalmazot fajfejlődés „elősegítés akadályozó tényező „kiiktatás antiliberalizmus illiberalizmus szer marxizmus kommunizmus bolsevizmusellenesség szociáldarwinizmus ember társadal legalkalmasabb csoport fajta változat fennmaradn élet maradn szelektálódn szociális demagóg baloldal típusú jelszav hangoztatás párhuzamos szélsőséges jobboldal tevékenység zsidóság fajgyűlöl németgermánár felsőbbrendűségből übermensch untermensch kiindulv,AlenaSavage,12,1632482298,pugr4f,79
5470,he2k9vc,érvelj fenti érdekel politizál rossz polit sajnos sincs rohadt egészségtel konszenzus oldal polit kurvas várn orvos gyer rovásírás tanítja programozn fojtogató közhangul rosszindulatú megoldás olyan szavaz változás ígér hinn szavazat múln hálist szavazt legpusztítóbb hozzáállás választás megfigyelhető rohadt masszív szavazó változás hozn plán kétpólusú rendszer fidesz szavaz ellenze konzekvens álláspon elfogad nyilv fidesz szavaz szavaz ellenze jelöl nyert tetszés emiat szenved főzni hálist merítés jelöl tudn találn fáradtság mond elismer mzp szavazz,Anon675162,14,1632475095,pufkfb,72
5492,he2jnmg,"probaljat partszimpat alapj szavazn azalapj kihiv eselye nehany jelolt hadhazy toth ellen jambor andras manhalter daniel ellen tord benc ellen szel bernadett hely akar sincs kedv megjegyezni rehó tibor jancs ellen orosz nemeth ellen megy bosz anet sajnos kihiv momentumos annak mzp mucs ellen hajnal miklós komarom piros ellen dorosz tonzor péter ellen csipkés józsef lengyel ellen ungar peter czegledy",halfbloodGS,16,1632474523,pufayo,60
5498,he2q20y,hely főváros jelöltekről valam előválasztás döntse helyett behúz narancs ellentétes négyzet őszint szólv országos szint azonosuln kutyapárt kivév anny mindegy körzet képviselő fideszes remélhetőleg kevesebb értelm érdekel betyárkört talál leváltv szakács szar palacsint fidesz jobb érdekel polit közbesze nyilv nagyrész propagandagépezet áthangol közméd hibás forgó szem kurvaorbánozt semm jobb bevonás politi élet támogat főleg független gyűlölö alapú megbélyegzés mind oldal,Exit727,-3,1632479906,pufayo,60
5513,he2g1oq,óriás okoz budapesti hatalmas gépjárműközlekedés dugó évent milliár forin veszteség gépjárműv okozt összes környezet egészségügy meghalad milliár forint budapest rossz levegő okozó gépjárműv évent mintegy előtt halálozás kétszázezer megbetegedés történ számtal szív keringés elégtelenség asztm tüdőra írható számlá civil szervez petíció indítot szeretne elérn főváros vezetés készíttess megvalósíthatóság tanulmány budapest útdíj bevezetéséről petíció érhető útdíj budapest kampány honlap útdíj budapest kampány facebo oldal,verymuchnotme,-2,1632471145,puf6xm,63
5583,he2atjs,retor inditas peld hely momentumos mmmes lecsip anny dk eselyestol dk behuzz momentu rajonn ezer tamogat mostmar hajnal miklos orosz mszppm tobb hely forditv kurv pofaraeses probaljat partszimpat alapj szavazn azalapj kihiv esely nehany jelol hadhazy toth jambor andras manhalter daniel tord benc szel bernadett hely akar sincs kedv megjegyezn rehó tibor jancs orosz nemeth megy bosz anet sajnos kihiv momentumos mzp mucs hajnal miklós komarom piros dorosz tonzor péter csipkés józsef lengyel ungar peter czegledy,halfbloodGS,19,1632466610,pucjny,76
5686,hdzq9m8,sárg downvoteolv mondj gyűlölö fidesz dobrev jelöl fidesz szavazn dobrev gyurcsány teljes polit fidesz választás elsöprőbb fidesz győzelm következő választás esély dobrev gyurcsány érintet párt belássa dobrev akar nyern választás jóezígy behúzz százale biztos szavazat szerepelh politikus eléldegélh ugyanit gyurcsány nyugger besztárolja amúgy megválaszthatatl nyern fidesz valam történn ellenze elkezdj letisztuln hatalmas kudarc szükség belássa előválasztás taktikázn kell kiállítan márkyzay tócs kell zavarn hadházy indítan helyett,hdmiTable,-3,1632420435,ptwu8j,66
5792,hdxvp3g,basszameg jakab viktóriázás megy rágódás miköz felháborító dolg fidesz fideszes akkó dögölj politika tesz szégyell büszke miköz ellenze oldal megy finnyázás jakab csúny beszél tóthcs szavaz enny mondan toll szín lépj tökéletes korrupciómentes ellenze jézus krisztus vezetés gyengeelméjű paprikajancs jelöltkéntszerint várj ezalat hibátl ellenze jézus krisztus vezetés megmenten fideszkétharm szerencsétl ország szer megy befizet villanyszáml gyakorlatilag egyből zseb áramszolgáltató mészáros tette fasz,dtfg5465,71,1632384414,ptpvy6,62
5833,hdynxes,elköltött mill gyurcsány alázos gondoln memny propagand vide reklàm plakátolás választás kampány idősz pénz hype hájp olás mocskolás amenny pénz magyarország anny félt hatalm öszöd besze akar felhúzn muszàj erröl csináln tiszt magyar felnöt lakos fasz gyurcsány bemutatn viktor arkangyal megóv szeretet gyerm szexuális propagandátol eköz magyarország szar megélhetés ember külföl dolgozn tudja tartan család szakm rendelkező tanul ember önszántukbol megy édes porcukros mákos fasz,Respect-Candid,1,1632404315,ptfhuv,65
5840,hdvc676,országos rádióadó fideszes elég esélyes fideszes fideszes műsor törede hallott problém lényeg dobrev ellenze politikus belengette illegit tekint fideszes kétharm elfogadot alaptörvény módosítás kétharm módosítás igaz teljes alkotmány szükség fidesz mostan alaptörvény szájíz problém törvényes tehetne ellenze választó lelkes gyökeres változás ígér hallan érvény alkotmány kifogásol rész kétharmados törvény való lelkesítő megkérdezte jelöltektől szeretne megvalósítan érdem válasz egyszer márkizay péter pedzegett alkotmány tegnap poszt föltette kérdés válasz tűni alkotmány kampányfogás,sumer-migrans,8,1632332730,ptbx8w,70
5841,hdv9xo6,merthogy ember párt szavaz nyílt hazudot mszpőszödgyurcsány tengely szól dolg lmbtq figyel hagy elkezdet foglalkoztatn pontos fentiről mondan alap rengeteg változot elmúl egyéb politi garnitú rész claud juncker távozás lecserélődöt brex ébresztő minden néppár védelm mérsékelteb érezz menekültpoliti ellentét hozt érdekszövetség felértékelődöt németország pólus megjelenj megfontolandó mindaz cirkusz igaz megbontan akaró politi húzás európ polit különös igaz háttér dőlnek dolg ember nehez történ,rombikozidodekaeder,2,1632331821,ptbx8w,63
6039,hdqolui,tisztel márkizay partiz csatorn közvetítet előválasztás kiemelt növeln képzet munkaerő arány ezáltal hozzáadot érte nyilv megoldás oktatás alkalmas kérdés változtatás szeretn tenn esetleges miniszterelnökség oktatás terület konkrétab tervez általános ésvagy középiskola önkormányzat fenntartás visszaálítás pedagógus emelés esetleges lakhatás egébb kedvezmény pályakezdő pedagógus egyetem állam ösztöndíj valamily reform hallgató szerződés módosítás kutató intézet szektor kíván forrás fordítan form oldana egyetem doktor iskola állam támogatás konkr elérés támogatna pályáz formá válasz siker kíván előválasztás,Demisemimo,48,1632244820,psmizh,72
6070,hdqpy3q,tisztel polgármester szakpoliti kérdés intézkedés számíthat vezetet kormány szociálpolit terület változtatn ellátórendszer hajléktalalnellátás módosítana szociális juttatás mérte kohéziós forrás felhasználás intézményrendszer változtatna vélhető választás operatív program forrás felhasználas rendjéről szület jogszabály jobboldal beállítottságú politikus gondolkod klímapolit érdekes szám alapvető jobboldal releváns családtámogatás rendszer változtatn enyhíten lakhatás válság fiatal érint előválasztás került adórendszer kapcsolatos kérdés változtatn adórendszer fogyasztás terhelő tekintet amenny válaszol,Szprcsllgprszt,10,1632245369,psmizh,61
6085,hdqwl66,tisztel márkizay péter oktatás digitális világ kapcsolatos véleményéről kérdezne iskol eszköz képzel oktatás fidesz style kérdés tabl médiafogyasztás fogyasztó számítógép tartalomgyártás teremtő internetes szolgáltatás végzet követés tracking menny tekinthető etikus célzot reklám adat előálló profil kereskedelm célú felhasználás felől tech fontos bevétel forrás másrészről felhasználó kiárusítv választás andro telef googl szolgáltatás szolgáltató cellainformáció righttorepair magyarország laptop otthon karbantartás garanc vesztés gyártó waranty remov matricá alkatrész elérhetetlenség szoftveres párosítot részegység problémá autós péld olaj akku veszten garanc autó akku behelyezv induln szoftver helyzetetről gondol,privillusion,2,1632248123,psmizh,83
6107,hdqpi3y,kedves péter adód feltenne kérdés válaszol legfontosabb kérdés biztosíte biztosíte kormányváltás nagyüzem lopás biztosíte való betartja szav biztosíte való társadalm érdek szem fiatalság mértékű megszólítás mozgósítás lehetséges látn fiatal látja adot probléma lényeg inaktív személyes siker kudarc ellenze tekintv siker kudarc emeln mozzanat elszalasztot lehetőség összefogás kinyilatkoztatás máshogy tenn egyén kérdés bárhogy segíten ember szeretn feliratkozn mindenh siker előválasztás választás ugyancs,4Teebee4,5,1632245186,psmizh,61
6126,hdquss0,kedves péter specifikusabb szám egyénileg fontos kérdés választott fontos tartja vallás állam intézmény szétválasztás lépés tenn körűbb elérés fontos tartja titkosítás polgár álltal elérhetőség menny támogatna titkosítás visszafogás szolgáltató üzenetküldő közösség gyermekpornográf terjesztés terrorizmus meggátlás hivatkozv lehetséges kormányváltás eset gyors törvényhozás stratég alkalmazn megfontoltabb elnyújtottabb megközelítés választan estleg mindkettő menny támogatn országos informati korszerűsítés progr szerverinfrastruktúra kiberbiztonság kormányoldal webdizán foglaln,Critical_Net_7876,2,1632247383,psmizh,60
6176,hdr3sjy,kedves péter annyiszor becsapt szül rendszer rendszer mostan hónap hónap megélhetés jutot ügyeskedő gátlástalan minden letapos reggeltől csekk befizetn valahogy felszín maradn tisztességes bérből fizetésből tapasztalt mérn diplom gyár dolgozv friss szülő valahogy támogatás apróság kiesv valahogy felszín maradn hallgatn menny tudn mondan gyer felnő mond szül bezzeg támogatot kormány biztosíte bérből fizetésből csapja külföld egyhetes nyaralás legújabb iphon egyszer számla befizetés bevásároln biztosíte felejt társadal fontos építőköv munkás elszámoltatás leves asztal üdvözl,CarefulAd4140,0,1632251108,psmizh,73
6177,hdqsvhp,tisztel polgármester civil tagság jutot minisztereln szék tudomás medgyessy péter minisztereln kormány kritizáln jelöl társ igérgetés szempont kifogyot forrás amiből tanár egészségügy dolgozó emelt kormány érthető tart minisztereln lemondás kisebb ország arányos adosság viktor átvett hatal szertint kormány munkásság nyer gyurcsány választás kérdés akadályozna leendő kormány megbuktassa medgyessy minisztereln minisztereln szdszes korrup miniszter leváltan valószínűleg szakértő helyzet kerüln garanc párt cserél,ekugonos,-7,1632246585,psmizh,61
6211,hdtgw24,kedves péter gazdaság szempont esetleg hatékonyabb lehetn haza drágább szolgáltatás szektor tudn politi eszköz segítség tekint szolgáltatás szektor pénzmozgás generáln állam bevétel vezetn képes megoldan fizetés felhúzás fizi termék arányosítv jobbnakkedvezőbb tűnhetn esetleg fenyegeth inflációs veszély szakértő gondolat látt megvizsgálv politi szcén szemszögéből látne swot analízis jobb gazdaság helyzet állam jellemző látn autószerelő fordász költségesebb haza modell egyáltal reális tűnhet köszön valód alternatív adot politi helyzet vácz richár,Low_Play_7245,1,1632294644,psmizh,68
6346,hdp76qh,biztos redd telefonszám gondol rand hívogatja ember adatbázis szám esetleg használhat ezelőtt szolgáltatás származó adatbázis azót bővített frissebb szám vett friss adatbázis párt bőven ismerettség párt call center évtized rengeteg telefonszám hisz reddit elérhető telefonszám megad álláskeresés telefonszám munkahely pénzügy szolgáltatás továbbadja kapt hívás smsek csod szolgáltatás ismer szám csod karácsony gergelytől érkezt lényeg titkos szám hisz hívhat tudja érdeklődsz polit forrás szám alátámaszt,gyurcsany_viktor,1,1632217528,psfb67,64
6361,hdp2545,köszön minden rengeteg visszajelzés támogatás felemelő érzés látn óriás érdeklődés utca előválasztás onlin felület jeleztét onlin szavazás idősáv folyamatos telített esetleg kerültet megadot időpont rengeteg érdeklődő legfőbb videós azonosítás végző operátor véges szám folyamatos bővít operátor kapacitás zajl azonosítás foly időigényes ellenőrzöt keret megvalósítható ellenőrzöt helyszí ellenőrzöt foly előzetes felkészítés komoly stáb dolgoz igyeksz bővüln megnyitn foglalás idősáv azonosítás végző aktivista fantasztikus végez feszítet tempó köszön elkötelezettség legyet türel forrás ahang facebb,dtfg5465,18,1632212636,pseh1m,72
6370,hdoxmqk,elképesztő szavazt előválasztás kezdet esős előzetes várakozás messz felülmúló szám ember szavazot magyarország országos előválasztás hétfő pontos adat alábbi alakult sátor megjelen internet szavazat feledjét előválasztás forduló országos előválasztás bizottság szeptember meghosszabbított szavazn ország szavazópont köszön szavazó mondhat óriás köszön sátr helytálló aktivista tovább mindenkitől jöjj szavazn személyes onlin onlin szavazás különös számít türelmet megértéset rendszer működ bővíten operátor kapacitás kevesebb várakozn hajra fotóhu,onemanshowHU,37,1632208400,psdpdt,64
6376,hdoxddn,előválasztás informati rendszer megbénító szombat esemény megszokot túlterheléses ddos támadás operál kamu felhasználó sokaság engedt rendszer valahogy megtudta szerver ipcím amelyről rendszer futot szabadított jelentős gigabitny adat egyértelmű beazonosítható támadás ipcímről érkezet tízszeres hétfő normális előválasztás forgal mintegy szavazóhelyszínekről tabletről érkez plusz onlin szavazó voksol anny megszerezt elérhett előválasztás cloudfl használt cloudflar megkerülv támadta őszint szólv leállás cloudflar kívül kapcsol letiltás,mru576,28,1632208168,psdmva,61
6426,hdn58cf,civitas zolt tűni afel jobb dk dk iránytű jobb felülmér fidesz legfüggetlenebb nézőpon fidesz publicus mszp republ óbal anny durv századvég fidesz závecz óbal ügyel szakmaiság összegezv závecz tart szakmailag legjobb nézőpon századvég elvtelen szolgálja fideszpropagand mostan publicus ellenze megfelelő civitas bizonyítot komolytal facebookos mérés hónap megjelen hónap töltö elvileg másmás ember megkérdezn iránytű komoly lebőgöt azót takarékláng előválasztás jött kétes minőségű mérés republ közepes tragikus,RenesansJG,6,1632173935,ps1pca,66
6463,hdp7b4e,pöttö ország küldetéstudatos ember elszomorít élet pont elhisz politikamédiasporthadseregtudománystb világ közep megváltoztató eszköz ráfeszül éjjelnap tolv elhisz fontos felszín szorgalm visszaigazolás nyer leválaszthatatlan sínről élet önmag fontosság szóló illúzió iszonyatos politikatudomány közvéleménykutatás edzésprogram lógn beszélgetn hasonszőrű kapcsolat építen ápoln imidzs figyeln kommentelő halál komoly hisz egyszemély aktív alakító társadal történel való veszélyes rengeteg évny belefeccöl meló nyűgöt várakozás akar kapn eredmény formá összes utóp illúzió remény olyan illető való akar váltan ember stadion gyermekkor akar győzni googl kapitalizmus sajnálat méltó salgótar celeb michael jacks akar meggyőződés,RichardThuroczy,1,1632217638,prwu2v,86
6494,hdmubaq,igaz szavazn alkalm típus szavaz nyerj amed pest bejelentv látt szavazópont elcseszn vasárnap délut downvoteolv komoly problém végkimenetel nyer fidesz over ellenze demokrác magyarország valószínűleg tagság előbbutóbb viktor szemétdomb rakás trogylodit ellenze nyer megkap romhalmaz csontváz kiürítet kassz szerencsé kihúzz valamily eredmény viktor fehér castrostyl élet trón ellen mond szavazn elmenn szavazn plusz esetleg komplet délut megy mond segí utóbb polit rendes felbaszot idegileg,Choad_Warrior,-1,1632169339,prvn5m,64
6527,hdlbvnq,március pilvax kávézó kitessékelt petőf sándor költő március nemz habsburg politi diskurzus tartott kávézó március összellenze csopor étter tartott fórum eltelt kitessékelte helyről lámp oltotta pilvax kávéház nyitv amenny fogyasztan szerkesztőség eljuttatot közlemény pilvax károly budapest pilvax kávézó ügyvezető vasvár adot beszámoló történt aligh zavarhatt vendég helyiség normál hangerő beszélgetés foly ember beszél vacsorázn szerett beszámoló amúgy asztal foglalt kitessékelés üzemeltető kifogásolt beszélgetés asztal foglalta hely,AlenaSavage,21,1632146847,prun5p,66
6556,hdkyssj,megegyezn előválasztásos sátr méteres körzet szabályozv méter lehet pult assz biztos szombat elmondta jelöl szavazó sártr közel szavazó mehet érdeklődn program kapcsolat figyel pultozó jelvény póló bárm párt utal mehet sártr közel szólt barát levett jelvény barát pultozot sátrazt támadás átment dumáln pult várt összerakja rendszer átmászkálás jelvény pult ember sátor váltás ilyesm segíten önkéntes felváltv pultoz sátraz függő szab tudot venn önkéntes,AlenaSavage,25,1632140255,prslke,63
6583,hdmwjnv,tart baloldal mzpt illet látt készül partiz interjú praktikus felfogású intelligens pasas tűnt csod határos hinn őszint akar vágn ország legalábbis menten menthető sajnos egyértelmű vallásos kreténség irány hirdet szen profoun küldetés ugyanez lendül mond tart valószínű minisztereln igazságelvű praktikus bran építet leghatásosabb ámbár erkölcstel politi eszköz kommunikáció nyúlhass komoly arcvesztés álságos tűni őszint ráció alapuló kommunikáció sikeresség hinn mond igaz,nitrohigito,2,1632170259,prslh7,61
6603,hdkzluk,kommen szavazn ellenze összefogás támogatás nevű papír környezet végigolvast többség adat természetes telefon email hozzátesz főleg nyugger fidesz szavaz remélhetőleg biztos nagyrész értett elolvast tekintv full szöveg meglepet aláírn bárm extr lakcím rögzítette belement alapvető egyetértett tartal szavazófül bármifél politi jellegű választás titkos lenn konkrét dk mzp assz jakab választó nézt ikszelt komolytal látszólag érdekel megfogt papír arrébbment rámszólt sátor menj szal kváz gyűrve ikszelt papír dehátnebazmánmeghogy,Result_Opposite,25,1632140722,prrwxa,67
6604,hdmhlxr,keddtől onlin szavazás komoly kapacitás bővítés minden bíztat piros időpont újraaz mondan párt elbaszta fair egyrész egyszerű iszonyú nehéz bonyolul dolog nehez csinál hüly nehéz feladat vállalkozot másrész konkrét dk mszp próbálta szabotáln egész harmadrész mosdass civil basszus ahang programozó szoftver csod hozn momentu kisebb rész jobb programozó mentette egész onlin konkrét nélkül óriás ahang párt példátl dolg csinál pénzből nemdemokratikus ország minden bíztat szavazz küldj adomány szimpatikus párt ahang,Adrenor,7,1632164132,prrwxa,70
6605,hdm79o8,onlin szavazás kriptográfiailag nehéz problém megoldás legfeljebb akadémi publikáció szint létez emiat komoly szavazás érdemes onlin lebonyolítan eredmény súly alap problém akadályoz ember virtuális szavazólap dobj virtuális mindez eköz lehess személy kötn szavazot lehess dönten szavazott oldan összeszámol szavazat tudj eredmény belenyúln átírn adatbázis ellen offlin szavazás eset szavazólap számláló felügyelő odafigyel nehéz elcsaln hosszú redd posz szegényebb ország személyazonosító igazolvány lemoshatatl tint jelöl ember megakadályozza szavazz személy ezüstnitrát használ,Calmarius,6,1632159880,prrwxa,70
6611,hdpgxg5,foglalkozt onlin szavazás kivitelezhetőség likv demokrác efféle jutott tanács rendezz onlin választás javasoln leginkább sehogy papíros szavazás okosabb rendszer első látsz onlin semm olcsóbb pofaviz kikerülhetetl rész dolog plusz talált megoldás szavazás való titkos lehess utólagos ellenőrizhető kizár utólag nézn szavazat rendszer szavaz bocsátható megkérdez ellenzékből tarts előválasztás javasolt előzetes regisztrálja szavazn akaró hozza választó névjegyze írja terület leosztv szavazn szavazn mész személyes azonosítás lehúz névjegyzékből megkap szavazólap ismerős módszer jahogy momentu fiatal menn szavazn előválasztan hajlandó személyes elmenn országos választás hajlandó,LokkoLori,1,1632225043,prrwxa,82
6621,hdkkuon,megy finnyáskodt vakcina megkapt annobarátnő mondta astr fiatal nőknél gond nehez rábeszélt adag bedag bekékül vizsgálat kiderül trombózis kórház félév véralvadásgátló szedn karszorító hordan maximu keves sétálh csinálh veszélyes véralvadásgátló tartoz biciklizés megsér vérezh kórház ember oltás család trombózisos amúgy alakulj jelentett mellékhatás zenec gyártó összes lelet elküldv gond szomorú egész várhatot pfizer modern mindegy adatsz mozogsz ember számí nagymama adag sinophar miköz felett tüdőbeteg nemű astr korelőzmény figyelm venne oltás beadás múln küldöt,AlenaSavage,3,1632129783,prqvyb,74
6645,hdkkmb6,önellentmondás dilemm létez tolerálható intoleranc vallás esetet tipikus felmer oldal liberális elfogad vallásszabadság oldal vallás korlát működhet gyerek kiszolgáltatot cselekvőképes ember rákényszerít erős antihumanist dolg klasszikus péld burkin dilemm amiről egyéb vélemény engedn burkin ellenkező muszl férj egyszerű enged fürdő nőket burkin lépés közelebb világiasodás elnyomás erősít ruhadarab tart kevésb liberális álláspont burkin elnyomás jelkép látja megoldás véletlen tekinthető dilemm,Zabalint,5,1632129565,prpvne,60
6647,hdknhie,rész igaz rész igaz szellemileg alultáplál használ némely komoly hisz toleráln megver toleráns igaz toleranc dilemm önellentmondás leírt létező fogal lényeg intoleranc pont toleráln megy határ elmond anyósvicc busz biztos hall szeret anyós megleh hall szeretet anyós huny intoleráns minimális leegyszerűsítet könny eldönthető értelmes ember anyósvicc busz mesélés betiltás követeln emiat kimondhat határ határ ember pontos definiáln határ képes adot szituáció oldal tegy,marvinyo,2,1632132205,prpvne,63
6751,hdfgt0z,fgya megállapodot többi karácsony vállalt megállapodás jakab dobrev egyáltal akart partizánr menn perctől kezdv tudta kemény eldöntendő kérdés várt ismer kényes nézetkülönbség került szőnyeg ítélt stáb ártot népszerűség biztos összefogás ártot személy rtles forduló döntés hivatot segíten punny kampánybeszéd számít partiz politi vitakultú egyáltal eljuss idehaz pestit ellenzéki hasonló nevetséges interjú keret megérdemelte nagy tarts kiderül létező csatorn felkészültebb jobb tartan prof gondol tévécsatorna hagyhatta megállapodás cikkez ártan összefogás fgya nyilatkozat megállapodás döntött,ItchyPlant,28,1632029128,pqvuv1,73
6838,hdb9dh7,well kétharm alkotmánymódosítás feltétel szavazz parlament képviselő kétharmad gyakorlatilag formális követelmény visszaküld megszavazza ugyanaz tenn amúgyis ugyanaz parlament kétharm választott egyéb problém kétharm kváz követelmény alkotmány megváltoztatás enny könnyű választás rendszer szervezet kétharm szerezz enny előtt választás rendszer mostan fidesz kétharmados parlament többség szlova gránitszilárdságúbb alkotmány arányos listás választás rendszer közel támogatottság tanulv hiba okos döntés legközelebb beépíten kötelező népszavazás,szofter,21,1631956591,pqiqq2,60
6915,hd8abux,nyugtatgatt fideszes képviselőtárs prímás pinc euchariszt kapcs rendezet dorog koncer után vacsor üldögélt úgys nyer elképzeln pegasus kapcs emlegetet völner megver április mondt lesz szavazó ellenze vinn április amenny kubatov list aktivizáln választás szépségverseny intelligenciatesz népszerűségről szól osztogat diplom meritokratikus választópolgár több belegondol előválasztás lekoordinált ellenze körzet biztos ellenze nyer megversenyeztet hely előválasztás vért izzadn legnagyobb csata kopogtatn ajtó extrovertál aktivist akar kormányváltás örüln egész bevállalja indul hely versenyezz ellenze,cserepj,1,1631899129,pq271x,70
6997,hd6drix,sokminden egyetért érdemes kiemeln felelőség ember mindennap biztonságérzet menny leromlot átlag utál korrup politikus sötétedés lajos megtámadn kiraboln fókusz irány feladat közbiztonság érzet fenntartás terület vide város kudarc vall feladat rendőr trafipax társaság találkoz problém kivezényl katona jöjj rendőr feladat ellátás képezte végez alkalmatlan ilyesm szint mindenkor kudarc társadalm olló folyamatos nyíl leszakadó czni igazság vesz cnek gazdaság szociális állap etni kurv akar megélhetés bűnözés emlegetés hibá gondol bizonyos életszínvonal legtöb azonos viselkedésminta kezd követn mindenfél etni hovatartozás probléma nincs kezelv bűntetésvégrehajtás reform sincs esély,intercisa,15,1631858563,pptxcj,85
7000,hd70hes,király meglátás legnagyobb vágt fejsz mentálhigién erősítés megoldás gond ütköz fizi betegség messzemenő következtetésfélelm írja törvény szeretne összeszarj status ideális világ hasonlítan mostan tart ember főleg valam változás mond sokminden ellentét fóru valam számí menny belemész problém gyöker hisz kibaszot konteós lettél anarchist gyíkember szar lényeg basznienniharcoln jobb nyug biztonságos hely érzelmileg gondolat miklós megöl benzin ideál kooperáció legnagyobb szakítan iszony logiszt csattanó tapasztalat bürokrác végtel segíthetn valahogy tudatos társadal lehetetlen elérés messz,dzsimbo,2,1631877867,pptxcj,73
7032,hd30vat,kurvajól ígérn vesz felület mzp erőforrás ellentét ország legeldugottabb szeglet juttatn párt országjáró járó mátyás király szerep tetszeleg ember zabálja hihet meghallgatja konkr péld idekommentelt erős kormánypárt haver győzni kormányozn dk szlogen győzni kormányozn hisz hozzátett valam magyar közélet biztos hallotta alap fideszes okosság olyan alsóbbrendű szóló propagand fgya menny emeln pedagógus alapb bekiáltott több biztos mozgatot tudn akarta mifél nőszemély miköz bizonyítható legkevesebb konkrétu,ItchyPlant,21,1631803107,ppdj6q,65
7072,hd6p1sa,ijesztő egyrész drág alaptörvény semmitmondó minimális módosítás elmenn törvény nagyrész nehéz fidesz pénzhatalm bebetonozás értékeln közvetl veszély jelent kormány fidesz franciás köztársaság egyszerű legit előd felszámolás minimális parlament többség minimális támogatás végz hacs megy millió ember követeln alkotmány jogrendszer alkotmányos puccs mutat törvény jelent semm érdekesség amer balos liberális szavazó követelte bíra legfelső bíróság demokrat hajlandó pontos tudta ijesztő precedens teremten olvasn roosevel harc legfelső bíróság pofázz jogáll akar vern uralm kedves dobrev ellenze szavazó kapját megnyilvánulásot fidesz cinikus erősít semm különbözt erkölcsileg fidesztől,TortoiseGod,1,1631868307,ppd8ya,84
7104,hd26u8x,keves magyar polit csakis videó demeter márt unalmas passzív inspiráló robotos túlságos viselked szereotipikus lélektel politikusmanhelter dániel karizmá bárm szubsztantív ötlet felvetet ahelyet többi ötlet kritizálna ígeret tenn terv szereotipikus politikus kompetensjámbor andrás karizm függetl mondot sajnos polit csakis karizm dolgoz támogatnámcsordás anet kurv agresszív leszel mondasz valamenny ütős támadás iszonyú gyeng zavaros karizm kreativitás terv szomorú ellenze politikus hisz hozzáállás működ,starfieldhype,3,1631786355,pp7dfb,62
7149,hczofzq,szomorú amúgy holl ember pontos tudja korrup győzködn észérv sehogy nehéz lelkileg ember beszéln miköz riportalany ugyanez ember tesz lejárassa mindenfél platfor ugyanily nehéz lelkiismeret elszámoln lelkiismeret meghívás ritka kihagyn ellenze barm legnagyobb csalódás lejáratn teljes értelmes higgadt lenéző beszél riporter mond mzpnek sikerül teljesíten teljes stílus érdemes felkészüln eshetőség megtet telhető megengedhető szenny műsor becsülendő elmegy vita miköz jelöl tart egyértelmű partiz vita rész vegy sajnál mzpnek országos támogatottság kevesebb több emberileg messz kiemelked közül tökéletes ember esély változtatás,gyurcsany_viktor,39,1631735664,powtd2,80
7166,hcyh0d3,jobboldal kormányzat nincs hagyomány üzletember kerül kormányz közel egyéb jogszabály tartan betart kormány keresnivaló válaszolt szentkirály alexan kormányszóvivő kormányinfó telex kérdés miszerin tartja aggályos erkölcsileg elfogadhatatlan vállalkozás kedvezményezett kiadot kaszinókoncesszió demokrác országos szint bármifél üzlet átruházn ember vicc maffiózó band börtön hely bagázs étkezés dolog kereskedelm adja politkus csala feudalizmus nemes régió show fogalmazás autópálya egyetem dolg szervez maff ember kormányváltás zseb tesz átlag ember fizet lenyúl változ dolog változ előbbutóbb bőveb kaszinó muty,Tao_Dragon,57,1631717914,porqh2,74
7189,hcxpdya,kifütyülne sportoló politi pózolás hasz sport szóló esemény független próbál bevágódn sport szól esemény játékos sportoló közönség spor megtekintés fizett jegy politi aktivistaszeml aktivist munkaidő eszetl leszavazás megindul gondol illető gondolta helyzet esemény sport meghirdetv spor politi állásfoglalás kedves közönség fény kicsengett pénz esemény amiből kedves hivatásos agyonfizetet sportoló reklámérte esetleges teljesítmény fény szerződés foglal fizetés ember fizetv csinál hivatalos foglalkozás sebészet mész sebész szükség kedves doktor fizetés rész zsebedből biztosítv állás foglalj kevésb irritál lehajtana fedel használ,ColemanV,-56,1631703585,ponrt9,78
7364,hcto3gz,mszpkormány azót fidesz változó hear habár mszp támogatottság brutális beomlot állt fidesz fidesz kezdt csap rezsicsökkentés toln világ európ gazdaság elkezdet beinduln bárm ellenze fidesz mélypont felfel nyer ellenze polit elkezdet szóln fogn győznün érdem mondanivaló fidesz tematizál kérdés szöges ellenkező fidesz bárm millió vonzó politi vízió plán kezdv ellenze lejtmenet kerül szaros összefogás mszpt fölöt mérte fidesz kapaszkodot kétharmad természetes évent kormányoz bárm megcsinálh csinál leválthatatl,szofter,9,1631629785,po35si,67
7396,hctfkbd,gondolatfoszlány megegyezt párt televíziós egyegy rtlen mindkettő televízió utóbbibföld szórású ingyenes elérés partiz megegyezt partiz állam meglep kezel ember kötelezettség párt esetleg jobb elérés biztosí párhuzamos interjú utóbb moderátor hangsúly partiz esély befolyásoln foly esemény elindulv nehéz tagadn partiz ideológiailag húzó csatorn igaz tűni valód népességbel igény képvisel várhatna alap álló ellenzeki baloldal krit partiz oldal kritizál ellenze fidesz nyúj lehetőség támadás történő válasz dolg felől mehett partiz magyar demokrác zálog érdekes szám,kergej,12,1631626006,po0opm,73
7451,hcst0tn,fidesz politiká folytatna kivév korrupció láncz andrás szav emlékeztetnél korrupció nevez gyakorlatilag fidesz legfőbb politiká mzpt támogat szociáldemokrataliberális vall gondol igaz jobboldalikonzervatív kormány állítan koalíciós kormányzás lehetőség jobboldalikonzervatív polit folytatn szint lehetőség kormány rendszerváltás következő kőkemény tűzoltás reálpolitizálás támogatna gondol megvan kvalitás kell sikeres vezess ország szíveseb baloldal ellenze mzpkormány minthogy végignézz mond fgya politikailag közelebb megbukj visszajöjj fidesz fgyat tart alkalmas kormányzás gondol momentu súlyos követet nevezte miniszterelnökjelölt gondol mzp folytat jobboldal irány demokratikus légkör véleményütköztetés kompromisszu ezáltal baloldal érdekekérték érvényesülés,humarc,3,1631610916,pnyqbo,82
7453,hcsve88,amúgy miót luxemburg azót jeanclaud juncker ultrakeresztény legjobb minisztereln tartja szám ország kapcsolatos döntés kicsapt namos megmutat fasz keresztény ország lakosság rész keresztény eljár templ adakoz misszió szervez communitynkből legutóbb peru ment árvaház renováln juncker xavier bettel választott lakosság meleg kapcsolat krit hallott ország vezetés kapcsolatos mocskos anny akart mondan démonizálv enny vallás előadja keresztény megy kokó kurva yach utálj minden feket meleg lips stb…ha mond mzp visz polit vallás szellem követ segíten elesett hazudj mértékletesség piros,Neokira23,1,1631613087,pnyqbo,77
7454,hcsuh6x,támogatottság elmúl utópisztikus hurráhangul előválasztás átlagszavazó foglalkozot bárkicsakneafidesz elmúl elkezdet fokozódn helyz felszín menny problémás karácsonydobrevjakab tengely emiat márkizay erős támadható politi múlt emellet komoly vehető karakt plusz partiz interjú felcsútiper rengeteg momentumos fiatal átáll márkizay oldal erős tapasztal ismerős momentu normális jelölt állítot márkizay kerül enny előtér összesség bárkicsakneafidesz forduló mzp támogatottság hagyományos liberálisbalos mutat menny félt demokrác több alakítan,vauvau999,0,1631612259,pnyqbo,61
7455,hcsuihg,post fidesz politiká folytatna általánosítás nyilv működ megleh tartan legalábbis szám jelentőség vallásos vallásos kormányzás vallásos politikus képvisel ember sorolne jobb dolog tudja jelent érték ment kikérdezne ember jobbos kiderüln balos balos jobbos hagy általánosítás támogatás közérthető megfogalmazt fidesszelorb kommunikál tett erősít képes péld mutatn hódmezővásárhely konkr példa felhozn különbség korrup fideszes tisztességes vezetés működő önkormányzat működés igaz furcs szimpatikus szívs olvas komment szimp írját részletes gyurcsány róóósz típusú hülyeség kezden,PhiloZoli,0,1631612292,pnyqbo,71
7473,hcst2so,sajnos nehéz elszámoltatás kétharm oldal érvénytelenít alkotmány egyszerű többség komoly precedens teremth egyenes diktatúr akármenny korr eljárás jelenleg alkotmány jogilag megfelel szabályos létrehozv ignorálja komoly támadás felület jelenten durv következmény lehet belegondoln esetleg következő választás nyer visszaj fidesz bárm teljes nyugodt hozhat mostani gátlástalanabb törvény hivatkozás alap korább esemény vizsgáln tenn jogilag megfelelő keret alkotmány érvénytelenítés kampányoln bullsh bizonytalan bizonytalanítja mégjob,ValasztasiKrumpli,19,1631610968,pnyjmr,61
7506,hcsmw1w,progr vezetn eredmeny maximalizal eltorles inflaciohitel alapu monetaris policy azonnal megszuntetes elmul politikusainakbankar kedvezmenyezett felelosseg vonas vagy elkobzas ujraelosztas rabszolg kenyszerites kormany altal bekebelezet nepszeru lokalis medi azonnal felszamolas kozremukod eletfogytiglan rabszolg kenyszefites professzionalis sport allam tamogatas eltorles stadion ujrahasznositas munkataborokken egeszsegugy oktatas kornyez vedelemhelyreallitas infrastruktu kozpontu kormanyzas bevezetes igazsag szolgaltatas megtisztitas legfelsobb szintu birosag elmul kozremukodo vagyonelkobzas eletfogytiglan rabszolg kenyszerites akar csup problem resz,WippleDippleDoo,-6,1631605150,pnxyus,65
7514,hcso6me,régeb csinált facebo elképesztő deviáns zavar lány beszélg küldte fotó legtöbb indítot fasz szög szívecskés emoj kedves legtöbb amúgy családap hasonló korú gyer feleség tett házasság rendszeres kiposztolt adot ember üzenőfal irogatot amúgy szelídebb ember csicska szerett rendszeres küldöt videó megesz spermá recskázás ugyanez szar csinált kedvenc kamionsofőr felajánlott kislány hagy iskol utazz európ kamionozás fasz full komoly elvisz lány otthon kamion tart szexrabszolg,benike88,51,1631606340,pnxx03,64
7539,hcsv4qi,anny túlbonyolít gondolkodás jelöl szeretne összefogás minisztereln dobrev jakab előválasztás kétfordulós mindegy forduló összetétel karácsonyjakabdobrev hasonló nézetű ember képzel jakab legelőnyöseb összetétel mzpjakabdobrev jobboldal szavazó képzel dobrev legelőnyöseb összetétel valamenny összetétel végigleh játszan véletl jakab dk magabiztosság mond semm ugyanaz permormansz tolja szimpatikusság szavazn belső gondol hogyh karácsony mégs anny erős mzp fogn véletl atvs mzpvel kerül egyetértés dkjakab kettős leginkább tudne fogadn összefogás elnökjelölt dilemm,ThomasthBuzz,1,1631612854,pnwzk7,66
7558,hcuukp0,kiábrándul fideszes egyáltal elmegy előválasztan mzpre szavaz megy list egyén kutyapárt megy mzp nyern sejthető hardc előválasztásos pártszimpatizáns éles választás választás kiderül kell jobboldal lesz bizonytalan esetleg választás elmen előzetes fideszes mszp univerzális feleség értelmiségi jakab voksoln hisz dk mszp különb fidesz bizonyítottákv erősödő érzés ellenze összefogás között ellenze parlament hely párt között lemutyizás szól valós változás visszalépés tóthcsaba mindemellet hiteles ember mzp hadházy,vigzocnc,1,1631646870,pnvxlv,64
7721,hcobj5z,szám bizonytal dolog dolog csináln jelöl tudne voksoln hiányol elszántság dobrevből karácsony jakab képvisel mzp fgya szám pozitív csalódás dobrev döntés esetleges nyereség eset bizonytal bebetonzot gyurcsány utáló megágyazna szavazz fidesz malm hajtv mzp péld függetl elérn basszus lehetn ember gyúrn minden egyéb dobrev győz fentebb említet tart bajos fényév előrébb progresszív elképzelés bizakod siker eltűntetn mocs közéletből szám egyértelmű győztes közös jelölt fucking finally következő lépcsőf,Exitl0l,3,1631529394,pn0b3z,67
7774,hcltthz,nyertes dobrev hozt szint rálicitál többi általánosság beszél gondol próbál fókuszáln fontos érthető szavazó fgya teljesítet várt bónusz sikeres hívt jakab tóth csab kapcsolat mzp kompetens magabiztos gyakorlatias hozt megszokot formá felállás nyertes plusz partiz promó vesztes karácsony hibázot viszonylag unalmas jelenlét adódó került rizikós helyzet kimar tóth csabás jakab hozt formá adot szokásos melóspárizs kurzus homofób törvény kapcsolat korr tért csapta végülis megszavazt meglepő elvesztett fgya tóth körül miköz karácsony dobrev ingy megúszta,resurrectedbydick,10,1631477972,pmwyfd,74
7817,hcjiczl,nyerő teljes logikus kritizál fidesz ellenze oldal előválasztás kapcs kifogásolt párt ahelyet választó döntene jelöl indulj fidesz elev jelöl kerül előválasztás civil kapt hely legegyszerűb szűrni valós ellenze beépítet fideszes jelölt engedn minden induln lobogtatn választás igaz ellenzéki előválasztás rész vett jelöltet fidesz ugyanígy kritizált ellenze hadházy beáll tócs zugló kivév momentu fidesz ugyanígy kiemel mértéktel korrupció sajtószabadság beszántás jogállamiság hiány tartot igéret szar kritizál elismer párt magyar rákos pártrendszer cseleksz racionalitás program tetsz csókos akar beültetn pozíció legjobb kvalitás adot poszt tiszt kiép bizony változn választás szól,Szotyi3,6,1631436190,pmf6ny,88
7820,hckc321,mzp párt kimondott kedvel ellen gondol karácsony mzp legjobb jelöl amiat egyrész karácsony hasonló gyakorlatilag nincs párt dobrev jakab fegyőr minisztereln jelöl gondol erős beálln győztes pártérdek diktálja ellen karácsony mzp mindhár párt mszpt lmpt hagy önálló jutn hangosab kampányoln közös jelöl párt tartoz mzp erős pragmatist választás rendszer kapcsolat szorgalmazt leghangosab jelöltállítás koordináció szimpatikus szám politi nézet gondol képes kompromisszum kötn ellenze politikus egyrész fidesz küldv pics másrész jövőbel sokszínű koalíció kormányzóképes,Zabalint,3,1631455933,pmf6ny,73
7906,hccpigs,dobrev megnyern előválasztás elkezdőd feles alkotmányozás propagál képes gondolkodn elkezdh agyaln visszaker hatal fidesz csinált máshogy kezeln utánozn fidesz szavazó beszáll előválasztás dobrev szavazn tudja összefogás fidesz karácsony beszáll legnagyobb kérdés jakab péter kies támogatn ideológiailag dk legtávolabb megállapodás kötöt legtöbb legkézenfekvőbb mzp támogatás valahogy vesz szívlel ellenzéki lemondan biztos nyern ellenze fidesz tudn igaz semm csináln dk szavazó szavazn menn,rombikozidodekaeder,25,1631304014,pls51m,61
7986,hca4nsj,kubatov előrebocsát szösszenet olvast fellépt hozt thre hozzászólás fideszes elmenne legalábbis downvote szám itteni fideszszimpátiá összevetv kifejezt zászló dönt cselekedet ment fideszes vagy gyakorlatilag hideg hagy mihamos elkötelezettség érdemes szavazn demokrác legtöbb képes megvalósítan társadal szükségleteiből demokrác mégs szavaz elár megválasztás erőteljes hozzányúlt választás törvény határ eljárás megváltoztatv vezéret szeret hangsúlyozn magyar menny szeret szabadság függetlenség állhat ember szab dönten szem fidesz fordítv bizakodt lázár elkezdt bontogatn szárny lepődt túlságos háttér vonult ahogy gyurcsány ellenze rákos daganat tart vélemény totalitásmániá szabaduljat,megfog6od,9,1631254078,plesgm,81
7987,hca5n9j,polit hatal megszerzés megtartás eszköz hatal pénz váltan erkölcs politikához polit legmagasabb szintű sehol tudsz anny pénz azzalhogy reggelizel déryn szaunázol oxygenbenmin erkölcs kérdés politi termékam hatal megszerzés megtartàs szolgàljaez párt független polit jellegéből fakad botrány fakadnakhogy kifizetv hagyv bizniszből sérelmezót fidesz klánharc zajlottakamiből győztesenez ember tetsz érdeksérel okozen végeh ember okoz érdeksérel bizonyos csopor térnyerésen tetszikmer bukt koncesszió miattd ilyenofő darab hagy eztmer egyrész sajnos untat terhes belpolitikátd megy határ foly lépn fogszó polit kizárólag üzletpiszkos üzletam szab foglalkozn élszerkölcsiség feltételezn bármely oldal butaságminden pénztárcá döntsöntudomhogy népszerű vélemény dolg sajnos működ,liquidvic,3,1631254796,plesgm,92
7993,hcaa7u8,hatal korrumpal abszolu hatal abszolu korrumpal azonosit vilagnez harcolsz megkerdojelez kerdojelez innentol ertelmes folytatn rendszer alap impraktikus abbol szempontbol alakulh belol optimalis allap lokalis optimu legfeljebb kizar onmag valasz bizonyos kerdes tobb valasz lehet igaz felhatalmazas part tartan beleeg korrupc kitartot katonasag verseny hazugsag versenyez teremt szam verseny koalic anny elonyosebb kompromisszu kenyszer siker aranyos valasztas rendszer alkotn legalabb kompromisszu kenyszer vilagkep inkabb erdekszf dominal ezer megalkudn olyan iger hozz,r4n6e,1,1631258348,plesgm,70
8117,hc0yb5q,itth próbál csináln környezetbar verzió venn kényelmetl gyártot szapp mosogatnikez mosn csomagolásmentes bolt vásárol dolg lebombó szemeteszsa hetent gyül anny szem levigy papír szelektív háztartás szint liftezés lépcsőz tömegközleked bement irod jött menny dolog nyitot légkond irodarész szemetes ürít kidobja műanyag zacskó kollég darab csokis papír beledob higéni szív ütöt másod lifftel ember autó igaz megy gyár megy nestlécoc gyár,mateszhun,3,1631078779,pjpt7g,60
8210,hbu8swl,sorol személy közvetl család basz gyes megszüntett apaany váltóműsz gyer mehetet bölcs hajnal kelés csala logiszt megold vasú vonal megszüntetés környékbel település gyer kelhett hamarabb busz késs sávos adórendszer fizetés százale elvetteáf menny fizett szocpol megszüntetés sporól pénz rész elmen papírmun értékbecslő lakáshitel önerő adta hitel kedvezményes családtámogatás gyer forin adókedvezmény röhej rezsiemelés lépcső nézt befizet dolgozt munkahej mégs haladt rossz,Giorgio78Cs,7,1630954396,pivsxh,61
8257,hboydvj,kérdés vezetn kapitalizmus meghaladás elkezden részvény vásároln tudna legyőzn tetszőleges milliárdos mindanny vesz egyegy tetszőleges nagyvállalatrészvény miköz hüly eladn saját vezetn felnyom gazdagab tessz összes barát háziasszony befektető elkez randalírozn tőzsdé szép bubore kipuk háziasszony koppann problém munkahely demokrác javítás mond vesz cocacol részvény amúgy közö munkás önigazgatás szólj munkás beleszólás vállal megfejtés munkás spórol pénzükből fogja tudn vásároln bezos gates csány lölő összes vállalat onnan fényév utóp bárm tudt hordan fóru,sumer-migrans,9,1630853730,pid3c2,72
8323,hbjhs6z,beszélgetés alkalm polit mosoly találn mondandó elveszítettél leszar próbált olvasn elvárn győztes politikus lemondástfeladás tegy legalábbis politikus szélsőséges jövőbel elérés furcs itthon nézn nyugat kisebb botrány beleb lemond politikus kormányfő amily itth minimu negyedévent egyszer szájer botrány ilyen péld itth tört szokás dolg súlyos következmény felsőbb szint biztos változn kormányváltás nyugodt számítan tény korrupciós szin proj megvalósítás elmúl borzasztó komoly gondol,ItchyPlant,29,1630736759,phm5aw,61
8327,hbjlxjl,édes franc kevern hashajtó reggel káve komoly tart önigazoló izzadság szagú harapó olvasn elolvast stílus teper értelmiség jegy szav túlbonyolítot hasonl rendszer elmagyarázt csaln hazudn lopn megindokolt lopn lopn hazudn hazudn csaln csaln account bejegyzés upvot commen csinált sand gyanú kampány idősz készül tanultál előd hiba hamarabb csinált rendes adtál vett fáradtság profil kialakítás minimu mehet basztatn szerencsétlen szemeteln subreddit,_Ulfhednar_,17,1630740144,phm5aw,60
8333,hbi3bo9,status gyökeres megváltoztatás szervezet réteg rossz konfliktus demokratikus keret kezeln feltételezz gazdaság berendezkedés előnyösebb kapitalist minimu tűri esély előny mandátu jelenn addig demokratikus jobb választv kapitalist gazdaság programú kormány prózaibb gondol szavazn kezdés párt thürmere mostan közvéleménykutató munkahely demokrác teremten erős szakszervezet teremten társadalm mobilitás csatorna teremten piac legjob elosztan szabályozot keret vitatható szocializmus autoriter jelleg bürokrác ineffektív nyilv segített fillér,SeceSoce,13,1630708414,phezmc,61
8503,hbabz6t,vitatkozn szokt úgys meggyőzn főleg egyszerűbb ember győzi biztos anny viktor amúgy dettó ugyanaz kádár ellenze meggyőzn százale esély egyszer véletlen valam fidesz felesleges akar megmutatn szellem fölény okos mindegy oldal átbasz pala gondol amúgy kevésb rossz mind ugyanaz mindegy hozol bármely oldal ember véletlen gondol kics gondolkozás anyáz ember ugyanaz köpköd véletlen gondolat akar világítan oldal elfogad egyet anny láss lepontozás,lilaflexninja,1,1630564761,pfyl96,62
